transaction_datetime,category,account,amount,currency,note
2026-07-01 00:00:00,餐飲,錢包,1,TWD,配額列1
2026-07-02 01:01:00,餐飲,錢包,2,TWD,配額列2
2026-07-03 02:02:00,餐飲,錢包,3,TWD,配額列3
2026-07-04 03:03:00,餐飲,錢包,4,TWD,配額列4
2026-07-05 04:04:00,餐飲,錢包,5,TWD,配額列5
2026-07-06 05:05:00,餐飲,錢包,6,TWD,配額列6
2026-07-07 06:06:00,餐飲,錢包,7,TWD,配額列7
2026-07-08 07:07:00,餐飲,錢包,8,TWD,配額列8
2026-07-09 08:08:00,餐飲,錢包,9,TWD,配額列9
2026-07-10 09:09:00,餐飲,錢包,10,TWD,配額列10
2026-07-11 10:10:00,餐飲,錢包,11,TWD,配額列11
2026-07-12 11:11:00,餐飲,錢包,12,TWD,配額列12
2026-07-13 12:12:00,餐飲,錢包,13,TWD,配額列13
2026-07-14 13:13:00,餐飲,錢包,14,TWD,配額列14
2026-07-15 14:14:00,餐飲,錢包,15,TWD,配額列15
2026-07-16 15:15:00,餐飲,錢包,16,TWD,配額列16
2026-07-17 16:16:00,餐飲,錢包,17,TWD,配額列17
2026-07-18 17:17:00,餐飲,錢包,18,TWD,配額列18
2026-07-19 18:18:00,餐飲,錢包,19,TWD,配額列19
2026-07-20 19:19:00,餐飲,錢包,20,TWD,配額列20
2026-07-21 20:20:00,餐飲,錢包,21,TWD,配額列21
2026-07-22 21:21:00,餐飲,錢包,22,TWD,配額列22
2026-07-23 22:22:00,餐飲,錢包,23,TWD,配額列23
2026-07-24 23:23:00,餐飲,錢包,24,TWD,配額列24
2026-07-25 00:24:00,餐飲,錢包,25,TWD,配額列25
2026-07-26 01:25:00,餐飲,錢包,26,TWD,配額列26
2026-07-27 02:26:00,餐飲,錢包,27,TWD,配額列27
2026-07-28 03:27:00,餐飲,錢包,28,TWD,配額列28
2026-07-01 04:28:00,餐飲,錢包,29,TWD,配額列29
2026-07-02 05:29:00,餐飲,錢包,30,TWD,配額列30
2026-07-03 06:30:00,餐飲,錢包,31,TWD,配額列31
2026-07-04 07:31:00,餐飲,錢包,32,TWD,配額列32
2026-07-05 08:32:00,餐飲,錢包,33,TWD,配額列33
2026-07-06 09:33:00,餐飲,錢包,34,TWD,配額列34
2026-07-07 10:34:00,餐飲,錢包,35,TWD,配額列35
2026-07-08 11:35:00,餐飲,錢包,36,TWD,配額列36
2026-07-09 12:36:00,餐飲,錢包,37,TWD,配額列37
2026-07-10 13:37:00,餐飲,錢包,38,TWD,配額列38
2026-07-11 14:38:00,餐飲,錢包,39,TWD,配額列39
2026-07-12 15:39:00,餐飲,錢包,40,TWD,配額列40
2026-07-13 16:40:00,餐飲,錢包,41,TWD,配額列41
2026-07-14 17:41:00,餐飲,錢包,42,TWD,配額列42
2026-07-15 18:42:00,餐飲,錢包,43,TWD,配額列43
2026-07-16 19:43:00,餐飲,錢包,44,TWD,配額列44
2026-07-17 20:44:00,餐飲,錢包,45,TWD,配額列45
2026-07-18 21:45:00,餐飲,錢包,46,TWD,配額列46
2026-07-19 22:46:00,餐飲,錢包,47,TWD,配額列47
2026-07-20 23:47:00,餐飲,錢包,48,TWD,配額列48
2026-07-21 00:48:00,餐飲,錢包,49,TWD,配額列49
2026-07-22 01:49:00,餐飲,錢包,50,TWD,配額列50
2026-07-23 02:50:00,餐飲,錢包,51,TWD,配額列51
2026-07-24 03:51:00,餐飲,錢包,52,TWD,配額列52
2026-07-25 04:52:00,餐飲,錢包,53,TWD,配額列53
2026-07-26 05:53:00,餐飲,錢包,54,TWD,配額列54
2026-07-27 06:54:00,餐飲,錢包,55,TWD,配額列55
2026-07-28 07:55:00,餐飲,錢包,56,TWD,配額列56
2026-07-01 08:56:00,餐飲,錢包,57,TWD,配額列57
2026-07-02 09:57:00,餐飲,錢包,58,TWD,配額列58
2026-07-03 10:58:00,餐飲,錢包,59,TWD,配額列59
2026-07-04 11:59:00,餐飲,錢包,60,TWD,配額列60
2026-07-05 12:00:00,餐飲,錢包,61,TWD,配額列61
2026-07-06 13:01:00,餐飲,錢包,62,TWD,配額列62
2026-07-07 14:02:00,餐飲,錢包,63,TWD,配額列63
2026-07-08 15:03:00,餐飲,錢包,64,TWD,配額列64
2026-07-09 16:04:00,餐飲,錢包,65,TWD,配額列65
2026-07-10 17:05:00,餐飲,錢包,66,TWD,配額列66
2026-07-11 18:06:00,餐飲,錢包,67,TWD,配額列67
2026-07-12 19:07:00,餐飲,錢包,68,TWD,配額列68
2026-07-13 20:08:00,餐飲,錢包,69,TWD,配額列69
2026-07-14 21:09:00,餐飲,錢包,70,TWD,配額列70
2026-07-15 22:10:00,餐飲,錢包,71,TWD,配額列71
2026-07-16 23:11:00,餐飲,錢包,72,TWD,配額列72
2026-07-17 00:12:00,餐飲,錢包,73,TWD,配額列73
2026-07-18 01:13:00,餐飲,錢包,74,TWD,配額列74
2026-07-19 02:14:00,餐飲,錢包,75,TWD,配額列75
2026-07-20 03:15:00,餐飲,錢包,76,TWD,配額列76
2026-07-21 04:16:00,餐飲,錢包,77,TWD,配額列77
2026-07-22 05:17:00,餐飲,錢包,78,TWD,配額列78
2026-07-23 06:18:00,餐飲,錢包,79,TWD,配額列79
2026-07-24 07:19:00,餐飲,錢包,80,TWD,配額列80
2026-07-25 08:20:00,餐飲,錢包,81,TWD,配額列81
2026-07-26 09:21:00,餐飲,錢包,82,TWD,配額列82
2026-07-27 10:22:00,餐飲,錢包,83,TWD,配額列83
2026-07-28 11:23:00,餐飲,錢包,84,TWD,配額列84
2026-07-01 12:24:00,餐飲,錢包,85,TWD,配額列85
2026-07-02 13:25:00,餐飲,錢包,86,TWD,配額列86
2026-07-03 14:26:00,餐飲,錢包,87,TWD,配額列87
2026-07-04 15:27:00,餐飲,錢包,88,TWD,配額列88
2026-07-05 16:28:00,餐飲,錢包,89,TWD,配額列89
2026-07-06 17:29:00,餐飲,錢包,90,TWD,配額列90
2026-07-07 18:30:00,餐飲,錢包,91,TWD,配額列91
2026-07-08 19:31:00,餐飲,錢包,92,TWD,配額列92
2026-07-09 20:32:00,餐飲,錢包,93,TWD,配額列93
2026-07-10 21:33:00,餐飲,錢包,94,TWD,配額列94
2026-07-11 22:34:00,餐飲,錢包,95,TWD,配額列95
2026-07-12 23:35:00,餐飲,錢包,96,TWD,配額列96
2026-07-13 00:36:00,餐飲,錢包,97,TWD,配額列97
2026-07-14 01:37:00,餐飲,錢包,98,TWD,配額列98
2026-07-15 02:38:00,餐飲,錢包,99,TWD,配額列99
2026-07-16 03:39:00,餐飲,錢包,100,TWD,配額列100
2026-07-17 04:40:00,餐飲,錢包,101,TWD,配額列101
2026-07-18 05:41:00,餐飲,錢包,102,TWD,配額列102
2026-07-19 06:42:00,餐飲,錢包,103,TWD,配額列103
2026-07-20 07:43:00,餐飲,錢包,104,TWD,配額列104
2026-07-21 08:44:00,餐飲,錢包,105,TWD,配額列105
2026-07-22 09:45:00,餐飲,錢包,106,TWD,配額列106
2026-07-23 10:46:00,餐飲,錢包,107,TWD,配額列107
2026-07-24 11:47:00,餐飲,錢包,108,TWD,配額列108
2026-07-25 12:48:00,餐飲,錢包,109,TWD,配額列109
2026-07-26 13:49:00,餐飲,錢包,110,TWD,配額列110
2026-07-27 14:50:00,餐飲,錢包,111,TWD,配額列111
2026-07-28 15:51:00,餐飲,錢包,112,TWD,配額列112
2026-07-01 16:52:00,餐飲,錢包,113,TWD,配額列113
2026-07-02 17:53:00,餐飲,錢包,114,TWD,配額列114
2026-07-03 18:54:00,餐飲,錢包,115,TWD,配額列115
2026-07-04 19:55:00,餐飲,錢包,116,TWD,配額列116
2026-07-05 20:56:00,餐飲,錢包,117,TWD,配額列117
2026-07-06 21:57:00,餐飲,錢包,118,TWD,配額列118
2026-07-07 22:58:00,餐飲,錢包,119,TWD,配額列119
2026-07-08 23:59:00,餐飲,錢包,120,TWD,配額列120
2026-07-09 00:00:00,餐飲,錢包,121,TWD,配額列121
2026-07-10 01:01:00,餐飲,錢包,122,TWD,配額列122
2026-07-11 02:02:00,餐飲,錢包,123,TWD,配額列123
2026-07-12 03:03:00,餐飲,錢包,124,TWD,配額列124
2026-07-13 04:04:00,餐飲,錢包,125,TWD,配額列125
2026-07-14 05:05:00,餐飲,錢包,126,TWD,配額列126
2026-07-15 06:06:00,餐飲,錢包,127,TWD,配額列127
2026-07-16 07:07:00,餐飲,錢包,128,TWD,配額列128
2026-07-17 08:08:00,餐飲,錢包,129,TWD,配額列129
2026-07-18 09:09:00,餐飲,錢包,130,TWD,配額列130
2026-07-19 10:10:00,餐飲,錢包,131,TWD,配額列131
2026-07-20 11:11:00,餐飲,錢包,132,TWD,配額列132
2026-07-21 12:12:00,餐飲,錢包,133,TWD,配額列133
2026-07-22 13:13:00,餐飲,錢包,134,TWD,配額列134
2026-07-23 14:14:00,餐飲,錢包,135,TWD,配額列135
2026-07-24 15:15:00,餐飲,錢包,136,TWD,配額列136
2026-07-25 16:16:00,餐飲,錢包,137,TWD,配額列137
2026-07-26 17:17:00,餐飲,錢包,138,TWD,配額列138
2026-07-27 18:18:00,餐飲,錢包,139,TWD,配額列139
2026-07-28 19:19:00,餐飲,錢包,140,TWD,配額列140
2026-07-01 20:20:00,餐飲,錢包,141,TWD,配額列141
2026-07-02 21:21:00,餐飲,錢包,142,TWD,配額列142
2026-07-03 22:22:00,餐飲,錢包,143,TWD,配額列143
2026-07-04 23:23:00,餐飲,錢包,144,TWD,配額列144
2026-07-05 00:24:00,餐飲,錢包,145,TWD,配額列145
2026-07-06 01:25:00,餐飲,錢包,146,TWD,配額列146
2026-07-07 02:26:00,餐飲,錢包,147,TWD,配額列147
2026-07-08 03:27:00,餐飲,錢包,148,TWD,配額列148
2026-07-09 04:28:00,餐飲,錢包,149,TWD,配額列149
2026-07-10 05:29:00,餐飲,錢包,150,TWD,配額列150
2026-07-11 06:30:00,餐飲,錢包,151,TWD,配額列151
2026-07-12 07:31:00,餐飲,錢包,152,TWD,配額列152
2026-07-13 08:32:00,餐飲,錢包,153,TWD,配額列153
2026-07-14 09:33:00,餐飲,錢包,154,TWD,配額列154
2026-07-15 10:34:00,餐飲,錢包,155,TWD,配額列155
2026-07-16 11:35:00,餐飲,錢包,156,TWD,配額列156
2026-07-17 12:36:00,餐飲,錢包,157,TWD,配額列157
2026-07-18 13:37:00,餐飲,錢包,158,TWD,配額列158
2026-07-19 14:38:00,餐飲,錢包,159,TWD,配額列159
2026-07-20 15:39:00,餐飲,錢包,160,TWD,配額列160
2026-07-21 16:40:00,餐飲,錢包,161,TWD,配額列161
2026-07-22 17:41:00,餐飲,錢包,162,TWD,配額列162
2026-07-23 18:42:00,餐飲,錢包,163,TWD,配額列163
2026-07-24 19:43:00,餐飲,錢包,164,TWD,配額列164
2026-07-25 20:44:00,餐飲,錢包,165,TWD,配額列165
2026-07-26 21:45:00,餐飲,錢包,166,TWD,配額列166
2026-07-27 22:46:00,餐飲,錢包,167,TWD,配額列167
2026-07-28 23:47:00,餐飲,錢包,168,TWD,配額列168
2026-07-01 00:48:00,餐飲,錢包,169,TWD,配額列169
2026-07-02 01:49:00,餐飲,錢包,170,TWD,配額列170
2026-07-03 02:50:00,餐飲,錢包,171,TWD,配額列171
2026-07-04 03:51:00,餐飲,錢包,172,TWD,配額列172
2026-07-05 04:52:00,餐飲,錢包,173,TWD,配額列173
2026-07-06 05:53:00,餐飲,錢包,174,TWD,配額列174
2026-07-07 06:54:00,餐飲,錢包,175,TWD,配額列175
2026-07-08 07:55:00,餐飲,錢包,176,TWD,配額列176
2026-07-09 08:56:00,餐飲,錢包,177,TWD,配額列177
2026-07-10 09:57:00,餐飲,錢包,178,TWD,配額列178
2026-07-11 10:58:00,餐飲,錢包,179,TWD,配額列179
2026-07-12 11:59:00,餐飲,錢包,180,TWD,配額列180
2026-07-13 12:00:00,餐飲,錢包,181,TWD,配額列181
2026-07-14 13:01:00,餐飲,錢包,182,TWD,配額列182
2026-07-15 14:02:00,餐飲,錢包,183,TWD,配額列183
2026-07-16 15:03:00,餐飲,錢包,184,TWD,配額列184
2026-07-17 16:04:00,餐飲,錢包,185,TWD,配額列185
2026-07-18 17:05:00,餐飲,錢包,186,TWD,配額列186
2026-07-19 18:06:00,餐飲,錢包,187,TWD,配額列187
2026-07-20 19:07:00,餐飲,錢包,188,TWD,配額列188
2026-07-21 20:08:00,餐飲,錢包,189,TWD,配額列189
2026-07-22 21:09:00,餐飲,錢包,190,TWD,配額列190
2026-07-23 22:10:00,餐飲,錢包,191,TWD,配額列191
2026-07-24 23:11:00,餐飲,錢包,192,TWD,配額列192
2026-07-25 00:12:00,餐飲,錢包,193,TWD,配額列193
2026-07-26 01:13:00,餐飲,錢包,194,TWD,配額列194
2026-07-27 02:14:00,餐飲,錢包,195,TWD,配額列195
2026-07-28 03:15:00,餐飲,錢包,196,TWD,配額列196
2026-07-01 04:16:00,餐飲,錢包,197,TWD,配額列197
2026-07-02 05:17:00,餐飲,錢包,198,TWD,配額列198
2026-07-03 06:18:00,餐飲,錢包,199,TWD,配額列199
2026-07-04 07:19:00,餐飲,錢包,200,TWD,配額列200
2026-07-05 08:20:00,餐飲,錢包,201,TWD,配額列201
2026-07-06 09:21:00,餐飲,錢包,202,TWD,配額列202
2026-07-07 10:22:00,餐飲,錢包,203,TWD,配額列203
2026-07-08 11:23:00,餐飲,錢包,204,TWD,配額列204
2026-07-09 12:24:00,餐飲,錢包,205,TWD,配額列205
2026-07-10 13:25:00,餐飲,錢包,206,TWD,配額列206
2026-07-11 14:26:00,餐飲,錢包,207,TWD,配額列207
2026-07-12 15:27:00,餐飲,錢包,208,TWD,配額列208
2026-07-13 16:28:00,餐飲,錢包,209,TWD,配額列209
2026-07-14 17:29:00,餐飲,錢包,210,TWD,配額列210
2026-07-15 18:30:00,餐飲,錢包,211,TWD,配額列211
2026-07-16 19:31:00,餐飲,錢包,212,TWD,配額列212
2026-07-17 20:32:00,餐飲,錢包,213,TWD,配額列213
2026-07-18 21:33:00,餐飲,錢包,214,TWD,配額列214
2026-07-19 22:34:00,餐飲,錢包,215,TWD,配額列215
2026-07-20 23:35:00,餐飲,錢包,216,TWD,配額列216
2026-07-21 00:36:00,餐飲,錢包,217,TWD,配額列217
2026-07-22 01:37:00,餐飲,錢包,218,TWD,配額列218
2026-07-23 02:38:00,餐飲,錢包,219,TWD,配額列219
2026-07-24 03:39:00,餐飲,錢包,220,TWD,配額列220
2026-07-25 04:40:00,餐飲,錢包,221,TWD,配額列221
2026-07-26 05:41:00,餐飲,錢包,222,TWD,配額列222
2026-07-27 06:42:00,餐飲,錢包,223,TWD,配額列223
2026-07-28 07:43:00,餐飲,錢包,224,TWD,配額列224
2026-07-01 08:44:00,餐飲,錢包,225,TWD,配額列225
2026-07-02 09:45:00,餐飲,錢包,226,TWD,配額列226
2026-07-03 10:46:00,餐飲,錢包,227,TWD,配額列227
2026-07-04 11:47:00,餐飲,錢包,228,TWD,配額列228
2026-07-05 12:48:00,餐飲,錢包,229,TWD,配額列229
2026-07-06 13:49:00,餐飲,錢包,230,TWD,配額列230
2026-07-07 14:50:00,餐飲,錢包,231,TWD,配額列231
2026-07-08 15:51:00,餐飲,錢包,232,TWD,配額列232
2026-07-09 16:52:00,餐飲,錢包,233,TWD,配額列233
2026-07-10 17:53:00,餐飲,錢包,234,TWD,配額列234
2026-07-11 18:54:00,餐飲,錢包,235,TWD,配額列235
2026-07-12 19:55:00,餐飲,錢包,236,TWD,配額列236
2026-07-13 20:56:00,餐飲,錢包,237,TWD,配額列237
2026-07-14 21:57:00,餐飲,錢包,238,TWD,配額列238
2026-07-15 22:58:00,餐飲,錢包,239,TWD,配額列239
2026-07-16 23:59:00,餐飲,錢包,240,TWD,配額列240
2026-07-17 00:00:00,餐飲,錢包,241,TWD,配額列241
2026-07-18 01:01:00,餐飲,錢包,242,TWD,配額列242
2026-07-19 02:02:00,餐飲,錢包,243,TWD,配額列243
2026-07-20 03:03:00,餐飲,錢包,244,TWD,配額列244
2026-07-21 04:04:00,餐飲,錢包,245,TWD,配額列245
2026-07-22 05:05:00,餐飲,錢包,246,TWD,配額列246
2026-07-23 06:06:00,餐飲,錢包,247,TWD,配額列247
2026-07-24 07:07:00,餐飲,錢包,248,TWD,配額列248
2026-07-25 08:08:00,餐飲,錢包,249,TWD,配額列249
2026-07-26 09:09:00,餐飲,錢包,250,TWD,配額列250
2026-07-27 10:10:00,餐飲,錢包,251,TWD,配額列251
2026-07-28 11:11:00,餐飲,錢包,252,TWD,配額列252
2026-07-01 12:12:00,餐飲,錢包,253,TWD,配額列253
2026-07-02 13:13:00,餐飲,錢包,254,TWD,配額列254
2026-07-03 14:14:00,餐飲,錢包,255,TWD,配額列255
2026-07-04 15:15:00,餐飲,錢包,256,TWD,配額列256
2026-07-05 16:16:00,餐飲,錢包,257,TWD,配額列257
2026-07-06 17:17:00,餐飲,錢包,258,TWD,配額列258
2026-07-07 18:18:00,餐飲,錢包,259,TWD,配額列259
2026-07-08 19:19:00,餐飲,錢包,260,TWD,配額列260
2026-07-09 20:20:00,餐飲,錢包,261,TWD,配額列261
2026-07-10 21:21:00,餐飲,錢包,262,TWD,配額列262
2026-07-11 22:22:00,餐飲,錢包,263,TWD,配額列263
2026-07-12 23:23:00,餐飲,錢包,264,TWD,配額列264
2026-07-13 00:24:00,餐飲,錢包,265,TWD,配額列265
2026-07-14 01:25:00,餐飲,錢包,266,TWD,配額列266
2026-07-15 02:26:00,餐飲,錢包,267,TWD,配額列267
2026-07-16 03:27:00,餐飲,錢包,268,TWD,配額列268
2026-07-17 04:28:00,餐飲,錢包,269,TWD,配額列269
2026-07-18 05:29:00,餐飲,錢包,270,TWD,配額列270
2026-07-19 06:30:00,餐飲,錢包,271,TWD,配額列271
2026-07-20 07:31:00,餐飲,錢包,272,TWD,配額列272
2026-07-21 08:32:00,餐飲,錢包,273,TWD,配額列273
2026-07-22 09:33:00,餐飲,錢包,274,TWD,配額列274
2026-07-23 10:34:00,餐飲,錢包,275,TWD,配額列275
2026-07-24 11:35:00,餐飲,錢包,276,TWD,配額列276
2026-07-25 12:36:00,餐飲,錢包,277,TWD,配額列277
2026-07-26 13:37:00,餐飲,錢包,278,TWD,配額列278
2026-07-27 14:38:00,餐飲,錢包,279,TWD,配額列279
2026-07-28 15:39:00,餐飲,錢包,280,TWD,配額列280
2026-07-01 16:40:00,餐飲,錢包,281,TWD,配額列281
2026-07-02 17:41:00,餐飲,錢包,282,TWD,配額列282
2026-07-03 18:42:00,餐飲,錢包,283,TWD,配額列283
2026-07-04 19:43:00,餐飲,錢包,284,TWD,配額列284
2026-07-05 20:44:00,餐飲,錢包,285,TWD,配額列285
2026-07-06 21:45:00,餐飲,錢包,286,TWD,配額列286
2026-07-07 22:46:00,餐飲,錢包,287,TWD,配額列287
2026-07-08 23:47:00,餐飲,錢包,288,TWD,配額列288
2026-07-09 00:48:00,餐飲,錢包,289,TWD,配額列289
2026-07-10 01:49:00,餐飲,錢包,290,TWD,配額列290
2026-07-11 02:50:00,餐飲,錢包,291,TWD,配額列291
2026-07-12 03:51:00,餐飲,錢包,292,TWD,配額列292
2026-07-13 04:52:00,餐飲,錢包,293,TWD,配額列293
2026-07-14 05:53:00,餐飲,錢包,294,TWD,配額列294
2026-07-15 06:54:00,餐飲,錢包,295,TWD,配額列295
2026-07-16 07:55:00,餐飲,錢包,296,TWD,配額列296
2026-07-17 08:56:00,餐飲,錢包,297,TWD,配額列297
2026-07-18 09:57:00,餐飲,錢包,298,TWD,配額列298
2026-07-19 10:58:00,餐飲,錢包,299,TWD,配額列299
2026-07-20 11:59:00,餐飲,錢包,300,TWD,配額列300
2026-07-21 12:00:00,餐飲,錢包,301,TWD,配額列301
2026-07-22 13:01:00,餐飲,錢包,302,TWD,配額列302
2026-07-23 14:02:00,餐飲,錢包,303,TWD,配額列303
2026-07-24 15:03:00,餐飲,錢包,304,TWD,配額列304
2026-07-25 16:04:00,餐飲,錢包,305,TWD,配額列305
2026-07-26 17:05:00,餐飲,錢包,306,TWD,配額列306
2026-07-27 18:06:00,餐飲,錢包,307,TWD,配額列307
2026-07-28 19:07:00,餐飲,錢包,308,TWD,配額列308
2026-07-01 20:08:00,餐飲,錢包,309,TWD,配額列309
2026-07-02 21:09:00,餐飲,錢包,310,TWD,配額列310
2026-07-03 22:10:00,餐飲,錢包,311,TWD,配額列311
2026-07-04 23:11:00,餐飲,錢包,312,TWD,配額列312
2026-07-05 00:12:00,餐飲,錢包,313,TWD,配額列313
2026-07-06 01:13:00,餐飲,錢包,314,TWD,配額列314
2026-07-07 02:14:00,餐飲,錢包,315,TWD,配額列315
2026-07-08 03:15:00,餐飲,錢包,316,TWD,配額列316
2026-07-09 04:16:00,餐飲,錢包,317,TWD,配額列317
2026-07-10 05:17:00,餐飲,錢包,318,TWD,配額列318
2026-07-11 06:18:00,餐飲,錢包,319,TWD,配額列319
2026-07-12 07:19:00,餐飲,錢包,320,TWD,配額列320
2026-07-13 08:20:00,餐飲,錢包,321,TWD,配額列321
2026-07-14 09:21:00,餐飲,錢包,322,TWD,配額列322
2026-07-15 10:22:00,餐飲,錢包,323,TWD,配額列323
2026-07-16 11:23:00,餐飲,錢包,324,TWD,配額列324
2026-07-17 12:24:00,餐飲,錢包,325,TWD,配額列325
2026-07-18 13:25:00,餐飲,錢包,326,TWD,配額列326
2026-07-19 14:26:00,餐飲,錢包,327,TWD,配額列327
2026-07-20 15:27:00,餐飲,錢包,328,TWD,配額列328
2026-07-21 16:28:00,餐飲,錢包,329,TWD,配額列329
2026-07-22 17:29:00,餐飲,錢包,330,TWD,配額列330
2026-07-23 18:30:00,餐飲,錢包,331,TWD,配額列331
2026-07-24 19:31:00,餐飲,錢包,332,TWD,配額列332
2026-07-25 20:32:00,餐飲,錢包,333,TWD,配額列333
2026-07-26 21:33:00,餐飲,錢包,334,TWD,配額列334
2026-07-27 22:34:00,餐飲,錢包,335,TWD,配額列335
2026-07-28 23:35:00,餐飲,錢包,336,TWD,配額列336
2026-07-01 00:36:00,餐飲,錢包,337,TWD,配額列337
2026-07-02 01:37:00,餐飲,錢包,338,TWD,配額列338
2026-07-03 02:38:00,餐飲,錢包,339,TWD,配額列339
2026-07-04 03:39:00,餐飲,錢包,340,TWD,配額列340
2026-07-05 04:40:00,餐飲,錢包,341,TWD,配額列341
2026-07-06 05:41:00,餐飲,錢包,342,TWD,配額列342
2026-07-07 06:42:00,餐飲,錢包,343,TWD,配額列343
2026-07-08 07:43:00,餐飲,錢包,344,TWD,配額列344
2026-07-09 08:44:00,餐飲,錢包,345,TWD,配額列345
2026-07-10 09:45:00,餐飲,錢包,346,TWD,配額列346
2026-07-11 10:46:00,餐飲,錢包,347,TWD,配額列347
2026-07-12 11:47:00,餐飲,錢包,348,TWD,配額列348
2026-07-13 12:48:00,餐飲,錢包,349,TWD,配額列349
2026-07-14 13:49:00,餐飲,錢包,350,TWD,配額列350
2026-07-15 14:50:00,餐飲,錢包,351,TWD,配額列351
2026-07-16 15:51:00,餐飲,錢包,352,TWD,配額列352
2026-07-17 16:52:00,餐飲,錢包,353,TWD,配額列353
2026-07-18 17:53:00,餐飲,錢包,354,TWD,配額列354
2026-07-19 18:54:00,餐飲,錢包,355,TWD,配額列355
2026-07-20 19:55:00,餐飲,錢包,356,TWD,配額列356
2026-07-21 20:56:00,餐飲,錢包,357,TWD,配額列357
2026-07-22 21:57:00,餐飲,錢包,358,TWD,配額列358
2026-07-23 22:58:00,餐飲,錢包,359,TWD,配額列359
2026-07-24 23:59:00,餐飲,錢包,360,TWD,配額列360
2026-07-25 00:00:00,餐飲,錢包,361,TWD,配額列361
2026-07-26 01:01:00,餐飲,錢包,362,TWD,配額列362
2026-07-27 02:02:00,餐飲,錢包,363,TWD,配額列363
2026-07-28 03:03:00,餐飲,錢包,364,TWD,配額列364
2026-07-01 04:04:00,餐飲,錢包,365,TWD,配額列365
2026-07-02 05:05:00,餐飲,錢包,366,TWD,配額列366
2026-07-03 06:06:00,餐飲,錢包,367,TWD,配額列367
2026-07-04 07:07:00,餐飲,錢包,368,TWD,配額列368
2026-07-05 08:08:00,餐飲,錢包,369,TWD,配額列369
2026-07-06 09:09:00,餐飲,錢包,370,TWD,配額列370
2026-07-07 10:10:00,餐飲,錢包,371,TWD,配額列371
2026-07-08 11:11:00,餐飲,錢包,372,TWD,配額列372
2026-07-09 12:12:00,餐飲,錢包,373,TWD,配額列373
2026-07-10 13:13:00,餐飲,錢包,374,TWD,配額列374
2026-07-11 14:14:00,餐飲,錢包,375,TWD,配額列375
2026-07-12 15:15:00,餐飲,錢包,376,TWD,配額列376
2026-07-13 16:16:00,餐飲,錢包,377,TWD,配額列377
2026-07-14 17:17:00,餐飲,錢包,378,TWD,配額列378
2026-07-15 18:18:00,餐飲,錢包,379,TWD,配額列379
2026-07-16 19:19:00,餐飲,錢包,380,TWD,配額列380
2026-07-17 20:20:00,餐飲,錢包,381,TWD,配額列381
2026-07-18 21:21:00,餐飲,錢包,382,TWD,配額列382
2026-07-19 22:22:00,餐飲,錢包,383,TWD,配額列383
2026-07-20 23:23:00,餐飲,錢包,384,TWD,配額列384
2026-07-21 00:24:00,餐飲,錢包,385,TWD,配額列385
2026-07-22 01:25:00,餐飲,錢包,386,TWD,配額列386
2026-07-23 02:26:00,餐飲,錢包,387,TWD,配額列387
2026-07-24 03:27:00,餐飲,錢包,388,TWD,配額列388
2026-07-25 04:28:00,餐飲,錢包,389,TWD,配額列389
2026-07-26 05:29:00,餐飲,錢包,390,TWD,配額列390
2026-07-27 06:30:00,餐飲,錢包,391,TWD,配額列391
2026-07-28 07:31:00,餐飲,錢包,392,TWD,配額列392
2026-07-01 08:32:00,餐飲,錢包,393,TWD,配額列393
2026-07-02 09:33:00,餐飲,錢包,394,TWD,配額列394
2026-07-03 10:34:00,餐飲,錢包,395,TWD,配額列395
2026-07-04 11:35:00,餐飲,錢包,396,TWD,配額列396
2026-07-05 12:36:00,餐飲,錢包,397,TWD,配額列397
2026-07-06 13:37:00,餐飲,錢包,398,TWD,配額列398
2026-07-07 14:38:00,餐飲,錢包,399,TWD,配額列399
2026-07-08 15:39:00,餐飲,錢包,400,TWD,配額列400
2026-07-09 16:40:00,餐飲,錢包,401,TWD,配額列401
2026-07-10 17:41:00,餐飲,錢包,402,TWD,配額列402
2026-07-11 18:42:00,餐飲,錢包,403,TWD,配額列403
2026-07-12 19:43:00,餐飲,錢包,404,TWD,配額列404
2026-07-13 20:44:00,餐飲,錢包,405,TWD,配額列405
2026-07-14 21:45:00,餐飲,錢包,406,TWD,配額列406
2026-07-15 22:46:00,餐飲,錢包,407,TWD,配額列407
2026-07-16 23:47:00,餐飲,錢包,408,TWD,配額列408
2026-07-17 00:48:00,餐飲,錢包,409,TWD,配額列409
2026-07-18 01:49:00,餐飲,錢包,410,TWD,配額列410
2026-07-19 02:50:00,餐飲,錢包,411,TWD,配額列411
2026-07-20 03:51:00,餐飲,錢包,412,TWD,配額列412
2026-07-21 04:52:00,餐飲,錢包,413,TWD,配額列413
2026-07-22 05:53:00,餐飲,錢包,414,TWD,配額列414
2026-07-23 06:54:00,餐飲,錢包,415,TWD,配額列415
2026-07-24 07:55:00,餐飲,錢包,416,TWD,配額列416
2026-07-25 08:56:00,餐飲,錢包,417,TWD,配額列417
2026-07-26 09:57:00,餐飲,錢包,418,TWD,配額列418
2026-07-27 10:58:00,餐飲,錢包,419,TWD,配額列419
2026-07-28 11:59:00,餐飲,錢包,420,TWD,配額列420
2026-07-01 12:00:00,餐飲,錢包,421,TWD,配額列421
2026-07-02 13:01:00,餐飲,錢包,422,TWD,配額列422
2026-07-03 14:02:00,餐飲,錢包,423,TWD,配額列423
2026-07-04 15:03:00,餐飲,錢包,424,TWD,配額列424
2026-07-05 16:04:00,餐飲,錢包,425,TWD,配額列425
2026-07-06 17:05:00,餐飲,錢包,426,TWD,配額列426
2026-07-07 18:06:00,餐飲,錢包,427,TWD,配額列427
2026-07-08 19:07:00,餐飲,錢包,428,TWD,配額列428
2026-07-09 20:08:00,餐飲,錢包,429,TWD,配額列429
2026-07-10 21:09:00,餐飲,錢包,430,TWD,配額列430
2026-07-11 22:10:00,餐飲,錢包,431,TWD,配額列431
2026-07-12 23:11:00,餐飲,錢包,432,TWD,配額列432
2026-07-13 00:12:00,餐飲,錢包,433,TWD,配額列433
2026-07-14 01:13:00,餐飲,錢包,434,TWD,配額列434
2026-07-15 02:14:00,餐飲,錢包,435,TWD,配額列435
2026-07-16 03:15:00,餐飲,錢包,436,TWD,配額列436
2026-07-17 04:16:00,餐飲,錢包,437,TWD,配額列437
2026-07-18 05:17:00,餐飲,錢包,438,TWD,配額列438
2026-07-19 06:18:00,餐飲,錢包,439,TWD,配額列439
2026-07-20 07:19:00,餐飲,錢包,440,TWD,配額列440
2026-07-21 08:20:00,餐飲,錢包,441,TWD,配額列441
2026-07-22 09:21:00,餐飲,錢包,442,TWD,配額列442
2026-07-23 10:22:00,餐飲,錢包,443,TWD,配額列443
2026-07-24 11:23:00,餐飲,錢包,444,TWD,配額列444
2026-07-25 12:24:00,餐飲,錢包,445,TWD,配額列445
2026-07-26 13:25:00,餐飲,錢包,446,TWD,配額列446
2026-07-27 14:26:00,餐飲,錢包,447,TWD,配額列447
2026-07-28 15:27:00,餐飲,錢包,448,TWD,配額列448
2026-07-01 16:28:00,餐飲,錢包,449,TWD,配額列449
2026-07-02 17:29:00,餐飲,錢包,450,TWD,配額列450
2026-07-03 18:30:00,餐飲,錢包,451,TWD,配額列451
2026-07-04 19:31:00,餐飲,錢包,452,TWD,配額列452
2026-07-05 20:32:00,餐飲,錢包,453,TWD,配額列453
2026-07-06 21:33:00,餐飲,錢包,454,TWD,配額列454
2026-07-07 22:34:00,餐飲,錢包,455,TWD,配額列455
2026-07-08 23:35:00,餐飲,錢包,456,TWD,配額列456
2026-07-09 00:36:00,餐飲,錢包,457,TWD,配額列457
2026-07-10 01:37:00,餐飲,錢包,458,TWD,配額列458
2026-07-11 02:38:00,餐飲,錢包,459,TWD,配額列459
2026-07-12 03:39:00,餐飲,錢包,460,TWD,配額列460
2026-07-13 04:40:00,餐飲,錢包,461,TWD,配額列461
2026-07-14 05:41:00,餐飲,錢包,462,TWD,配額列462
2026-07-15 06:42:00,餐飲,錢包,463,TWD,配額列463
2026-07-16 07:43:00,餐飲,錢包,464,TWD,配額列464
2026-07-17 08:44:00,餐飲,錢包,465,TWD,配額列465
2026-07-18 09:45:00,餐飲,錢包,466,TWD,配額列466
2026-07-19 10:46:00,餐飲,錢包,467,TWD,配額列467
2026-07-20 11:47:00,餐飲,錢包,468,TWD,配額列468
2026-07-21 12:48:00,餐飲,錢包,469,TWD,配額列469
2026-07-22 13:49:00,餐飲,錢包,470,TWD,配額列470
2026-07-23 14:50:00,餐飲,錢包,471,TWD,配額列471
2026-07-24 15:51:00,餐飲,錢包,472,TWD,配額列472
2026-07-25 16:52:00,餐飲,錢包,473,TWD,配額列473
2026-07-26 17:53:00,餐飲,錢包,474,TWD,配額列474
2026-07-27 18:54:00,餐飲,錢包,475,TWD,配額列475
2026-07-28 19:55:00,餐飲,錢包,476,TWD,配額列476
2026-07-01 20:56:00,餐飲,錢包,477,TWD,配額列477
2026-07-02 21:57:00,餐飲,錢包,478,TWD,配額列478
2026-07-03 22:58:00,餐飲,錢包,479,TWD,配額列479
2026-07-04 23:59:00,餐飲,錢包,480,TWD,配額列480
2026-07-05 00:00:00,餐飲,錢包,481,TWD,配額列481
2026-07-06 01:01:00,餐飲,錢包,482,TWD,配額列482
2026-07-07 02:02:00,餐飲,錢包,483,TWD,配額列483
2026-07-08 03:03:00,餐飲,錢包,484,TWD,配額列484
2026-07-09 04:04:00,餐飲,錢包,485,TWD,配額列485
2026-07-10 05:05:00,餐飲,錢包,486,TWD,配額列486
2026-07-11 06:06:00,餐飲,錢包,487,TWD,配額列487
2026-07-12 07:07:00,餐飲,錢包,488,TWD,配額列488
2026-07-13 08:08:00,餐飲,錢包,489,TWD,配額列489
2026-07-14 09:09:00,餐飲,錢包,490,TWD,配額列490
2026-07-15 10:10:00,餐飲,錢包,491,TWD,配額列491
2026-07-16 11:11:00,餐飲,錢包,492,TWD,配額列492
2026-07-17 12:12:00,餐飲,錢包,493,TWD,配額列493
2026-07-18 13:13:00,餐飲,錢包,494,TWD,配額列494
2026-07-19 14:14:00,餐飲,錢包,495,TWD,配額列495
2026-07-20 15:15:00,餐飲,錢包,496,TWD,配額列496
2026-07-21 16:16:00,餐飲,錢包,497,TWD,配額列497
2026-07-22 17:17:00,餐飲,錢包,498,TWD,配額列498
2026-07-23 18:18:00,餐飲,錢包,499,TWD,配額列499
2026-07-24 19:19:00,餐飲,錢包,500,TWD,配額列500
2026-07-25 20:20:00,餐飲,錢包,1,TWD,配額列501
2026-07-26 21:21:00,餐飲,錢包,2,TWD,配額列502
2026-07-27 22:22:00,餐飲,錢包,3,TWD,配額列503
2026-07-28 23:23:00,餐飲,錢包,4,TWD,配額列504
2026-07-01 00:24:00,餐飲,錢包,5,TWD,配額列505
2026-07-02 01:25:00,餐飲,錢包,6,TWD,配額列506
2026-07-03 02:26:00,餐飲,錢包,7,TWD,配額列507
2026-07-04 03:27:00,餐飲,錢包,8,TWD,配額列508
2026-07-05 04:28:00,餐飲,錢包,9,TWD,配額列509
2026-07-06 05:29:00,餐飲,錢包,10,TWD,配額列510
2026-07-07 06:30:00,餐飲,錢包,11,TWD,配額列511
2026-07-08 07:31:00,餐飲,錢包,12,TWD,配額列512
2026-07-09 08:32:00,餐飲,錢包,13,TWD,配額列513
2026-07-10 09:33:00,餐飲,錢包,14,TWD,配額列514
2026-07-11 10:34:00,餐飲,錢包,15,TWD,配額列515
2026-07-12 11:35:00,餐飲,錢包,16,TWD,配額列516
2026-07-13 12:36:00,餐飲,錢包,17,TWD,配額列517
2026-07-14 13:37:00,餐飲,錢包,18,TWD,配額列518
2026-07-15 14:38:00,餐飲,錢包,19,TWD,配額列519
2026-07-16 15:39:00,餐飲,錢包,20,TWD,配額列520
2026-07-17 16:40:00,餐飲,錢包,21,TWD,配額列521
2026-07-18 17:41:00,餐飲,錢包,22,TWD,配額列522
2026-07-19 18:42:00,餐飲,錢包,23,TWD,配額列523
2026-07-20 19:43:00,餐飲,錢包,24,TWD,配額列524
2026-07-21 20:44:00,餐飲,錢包,25,TWD,配額列525
2026-07-22 21:45:00,餐飲,錢包,26,TWD,配額列526
2026-07-23 22:46:00,餐飲,錢包,27,TWD,配額列527
2026-07-24 23:47:00,餐飲,錢包,28,TWD,配額列528
2026-07-25 00:48:00,餐飲,錢包,29,TWD,配額列529
2026-07-26 01:49:00,餐飲,錢包,30,TWD,配額列530
2026-07-27 02:50:00,餐飲,錢包,31,TWD,配額列531
2026-07-28 03:51:00,餐飲,錢包,32,TWD,配額列532
2026-07-01 04:52:00,餐飲,錢包,33,TWD,配額列533
2026-07-02 05:53:00,餐飲,錢包,34,TWD,配額列534
2026-07-03 06:54:00,餐飲,錢包,35,TWD,配額列535
2026-07-04 07:55:00,餐飲,錢包,36,TWD,配額列536
2026-07-05 08:56:00,餐飲,錢包,37,TWD,配額列537
2026-07-06 09:57:00,餐飲,錢包,38,TWD,配額列538
2026-07-07 10:58:00,餐飲,錢包,39,TWD,配額列539
2026-07-08 11:59:00,餐飲,錢包,40,TWD,配額列540
2026-07-09 12:00:00,餐飲,錢包,41,TWD,配額列541
2026-07-10 13:01:00,餐飲,錢包,42,TWD,配額列542
2026-07-11 14:02:00,餐飲,錢包,43,TWD,配額列543
2026-07-12 15:03:00,餐飲,錢包,44,TWD,配額列544
2026-07-13 16:04:00,餐飲,錢包,45,TWD,配額列545
2026-07-14 17:05:00,餐飲,錢包,46,TWD,配額列546
2026-07-15 18:06:00,餐飲,錢包,47,TWD,配額列547
2026-07-16 19:07:00,餐飲,錢包,48,TWD,配額列548
2026-07-17 20:08:00,餐飲,錢包,49,TWD,配額列549
2026-07-18 21:09:00,餐飲,錢包,50,TWD,配額列550
2026-07-19 22:10:00,餐飲,錢包,51,TWD,配額列551
2026-07-20 23:11:00,餐飲,錢包,52,TWD,配額列552
2026-07-21 00:12:00,餐飲,錢包,53,TWD,配額列553
2026-07-22 01:13:00,餐飲,錢包,54,TWD,配額列554
2026-07-23 02:14:00,餐飲,錢包,55,TWD,配額列555
2026-07-24 03:15:00,餐飲,錢包,56,TWD,配額列556
2026-07-25 04:16:00,餐飲,錢包,57,TWD,配額列557
2026-07-26 05:17:00,餐飲,錢包,58,TWD,配額列558
2026-07-27 06:18:00,餐飲,錢包,59,TWD,配額列559
2026-07-28 07:19:00,餐飲,錢包,60,TWD,配額列560
2026-07-01 08:20:00,餐飲,錢包,61,TWD,配額列561
2026-07-02 09:21:00,餐飲,錢包,62,TWD,配額列562
2026-07-03 10:22:00,餐飲,錢包,63,TWD,配額列563
2026-07-04 11:23:00,餐飲,錢包,64,TWD,配額列564
2026-07-05 12:24:00,餐飲,錢包,65,TWD,配額列565
2026-07-06 13:25:00,餐飲,錢包,66,TWD,配額列566
2026-07-07 14:26:00,餐飲,錢包,67,TWD,配額列567
2026-07-08 15:27:00,餐飲,錢包,68,TWD,配額列568
2026-07-09 16:28:00,餐飲,錢包,69,TWD,配額列569
2026-07-10 17:29:00,餐飲,錢包,70,TWD,配額列570
2026-07-11 18:30:00,餐飲,錢包,71,TWD,配額列571
2026-07-12 19:31:00,餐飲,錢包,72,TWD,配額列572
2026-07-13 20:32:00,餐飲,錢包,73,TWD,配額列573
2026-07-14 21:33:00,餐飲,錢包,74,TWD,配額列574
2026-07-15 22:34:00,餐飲,錢包,75,TWD,配額列575
2026-07-16 23:35:00,餐飲,錢包,76,TWD,配額列576
2026-07-17 00:36:00,餐飲,錢包,77,TWD,配額列577
2026-07-18 01:37:00,餐飲,錢包,78,TWD,配額列578
2026-07-19 02:38:00,餐飲,錢包,79,TWD,配額列579
2026-07-20 03:39:00,餐飲,錢包,80,TWD,配額列580
2026-07-21 04:40:00,餐飲,錢包,81,TWD,配額列581
2026-07-22 05:41:00,餐飲,錢包,82,TWD,配額列582
2026-07-23 06:42:00,餐飲,錢包,83,TWD,配額列583
2026-07-24 07:43:00,餐飲,錢包,84,TWD,配額列584
2026-07-25 08:44:00,餐飲,錢包,85,TWD,配額列585
2026-07-26 09:45:00,餐飲,錢包,86,TWD,配額列586
2026-07-27 10:46:00,餐飲,錢包,87,TWD,配額列587
2026-07-28 11:47:00,餐飲,錢包,88,TWD,配額列588
2026-07-01 12:48:00,餐飲,錢包,89,TWD,配額列589
2026-07-02 13:49:00,餐飲,錢包,90,TWD,配額列590
2026-07-03 14:50:00,餐飲,錢包,91,TWD,配額列591
2026-07-04 15:51:00,餐飲,錢包,92,TWD,配額列592
2026-07-05 16:52:00,餐飲,錢包,93,TWD,配額列593
2026-07-06 17:53:00,餐飲,錢包,94,TWD,配額列594
2026-07-07 18:54:00,餐飲,錢包,95,TWD,配額列595
2026-07-08 19:55:00,餐飲,錢包,96,TWD,配額列596
2026-07-09 20:56:00,餐飲,錢包,97,TWD,配額列597
2026-07-10 21:57:00,餐飲,錢包,98,TWD,配額列598
2026-07-11 22:58:00,餐飲,錢包,99,TWD,配額列599
2026-07-12 23:59:00,餐飲,錢包,100,TWD,配額列600
2026-07-13 00:00:00,餐飲,錢包,101,TWD,配額列601
2026-07-14 01:01:00,餐飲,錢包,102,TWD,配額列602
2026-07-15 02:02:00,餐飲,錢包,103,TWD,配額列603
2026-07-16 03:03:00,餐飲,錢包,104,TWD,配額列604
2026-07-17 04:04:00,餐飲,錢包,105,TWD,配額列605
2026-07-18 05:05:00,餐飲,錢包,106,TWD,配額列606
2026-07-19 06:06:00,餐飲,錢包,107,TWD,配額列607
2026-07-20 07:07:00,餐飲,錢包,108,TWD,配額列608
2026-07-21 08:08:00,餐飲,錢包,109,TWD,配額列609
2026-07-22 09:09:00,餐飲,錢包,110,TWD,配額列610
2026-07-23 10:10:00,餐飲,錢包,111,TWD,配額列611
2026-07-24 11:11:00,餐飲,錢包,112,TWD,配額列612
2026-07-25 12:12:00,餐飲,錢包,113,TWD,配額列613
2026-07-26 13:13:00,餐飲,錢包,114,TWD,配額列614
2026-07-27 14:14:00,餐飲,錢包,115,TWD,配額列615
2026-07-28 15:15:00,餐飲,錢包,116,TWD,配額列616
2026-07-01 16:16:00,餐飲,錢包,117,TWD,配額列617
2026-07-02 17:17:00,餐飲,錢包,118,TWD,配額列618
2026-07-03 18:18:00,餐飲,錢包,119,TWD,配額列619
2026-07-04 19:19:00,餐飲,錢包,120,TWD,配額列620
2026-07-05 20:20:00,餐飲,錢包,121,TWD,配額列621
2026-07-06 21:21:00,餐飲,錢包,122,TWD,配額列622
2026-07-07 22:22:00,餐飲,錢包,123,TWD,配額列623
2026-07-08 23:23:00,餐飲,錢包,124,TWD,配額列624
2026-07-09 00:24:00,餐飲,錢包,125,TWD,配額列625
2026-07-10 01:25:00,餐飲,錢包,126,TWD,配額列626
2026-07-11 02:26:00,餐飲,錢包,127,TWD,配額列627
2026-07-12 03:27:00,餐飲,錢包,128,TWD,配額列628
2026-07-13 04:28:00,餐飲,錢包,129,TWD,配額列629
2026-07-14 05:29:00,餐飲,錢包,130,TWD,配額列630
2026-07-15 06:30:00,餐飲,錢包,131,TWD,配額列631
2026-07-16 07:31:00,餐飲,錢包,132,TWD,配額列632
2026-07-17 08:32:00,餐飲,錢包,133,TWD,配額列633
2026-07-18 09:33:00,餐飲,錢包,134,TWD,配額列634
2026-07-19 10:34:00,餐飲,錢包,135,TWD,配額列635
2026-07-20 11:35:00,餐飲,錢包,136,TWD,配額列636
2026-07-21 12:36:00,餐飲,錢包,137,TWD,配額列637
2026-07-22 13:37:00,餐飲,錢包,138,TWD,配額列638
2026-07-23 14:38:00,餐飲,錢包,139,TWD,配額列639
2026-07-24 15:39:00,餐飲,錢包,140,TWD,配額列640
2026-07-25 16:40:00,餐飲,錢包,141,TWD,配額列641
2026-07-26 17:41:00,餐飲,錢包,142,TWD,配額列642
2026-07-27 18:42:00,餐飲,錢包,143,TWD,配額列643
2026-07-28 19:43:00,餐飲,錢包,144,TWD,配額列644
2026-07-01 20:44:00,餐飲,錢包,145,TWD,配額列645
2026-07-02 21:45:00,餐飲,錢包,146,TWD,配額列646
2026-07-03 22:46:00,餐飲,錢包,147,TWD,配額列647
2026-07-04 23:47:00,餐飲,錢包,148,TWD,配額列648
2026-07-05 00:48:00,餐飲,錢包,149,TWD,配額列649
2026-07-06 01:49:00,餐飲,錢包,150,TWD,配額列650
2026-07-07 02:50:00,餐飲,錢包,151,TWD,配額列651
2026-07-08 03:51:00,餐飲,錢包,152,TWD,配額列652
2026-07-09 04:52:00,餐飲,錢包,153,TWD,配額列653
2026-07-10 05:53:00,餐飲,錢包,154,TWD,配額列654
2026-07-11 06:54:00,餐飲,錢包,155,TWD,配額列655
2026-07-12 07:55:00,餐飲,錢包,156,TWD,配額列656
2026-07-13 08:56:00,餐飲,錢包,157,TWD,配額列657
2026-07-14 09:57:00,餐飲,錢包,158,TWD,配額列658
2026-07-15 10:58:00,餐飲,錢包,159,TWD,配額列659
2026-07-16 11:59:00,餐飲,錢包,160,TWD,配額列660
2026-07-17 12:00:00,餐飲,錢包,161,TWD,配額列661
2026-07-18 13:01:00,餐飲,錢包,162,TWD,配額列662
2026-07-19 14:02:00,餐飲,錢包,163,TWD,配額列663
2026-07-20 15:03:00,餐飲,錢包,164,TWD,配額列664
2026-07-21 16:04:00,餐飲,錢包,165,TWD,配額列665
2026-07-22 17:05:00,餐飲,錢包,166,TWD,配額列666
2026-07-23 18:06:00,餐飲,錢包,167,TWD,配額列667
2026-07-24 19:07:00,餐飲,錢包,168,TWD,配額列668
2026-07-25 20:08:00,餐飲,錢包,169,TWD,配額列669
2026-07-26 21:09:00,餐飲,錢包,170,TWD,配額列670
2026-07-27 22:10:00,餐飲,錢包,171,TWD,配額列671
2026-07-28 23:11:00,餐飲,錢包,172,TWD,配額列672
2026-07-01 00:12:00,餐飲,錢包,173,TWD,配額列673
2026-07-02 01:13:00,餐飲,錢包,174,TWD,配額列674
2026-07-03 02:14:00,餐飲,錢包,175,TWD,配額列675
2026-07-04 03:15:00,餐飲,錢包,176,TWD,配額列676
2026-07-05 04:16:00,餐飲,錢包,177,TWD,配額列677
2026-07-06 05:17:00,餐飲,錢包,178,TWD,配額列678
2026-07-07 06:18:00,餐飲,錢包,179,TWD,配額列679
2026-07-08 07:19:00,餐飲,錢包,180,TWD,配額列680
2026-07-09 08:20:00,餐飲,錢包,181,TWD,配額列681
2026-07-10 09:21:00,餐飲,錢包,182,TWD,配額列682
2026-07-11 10:22:00,餐飲,錢包,183,TWD,配額列683
2026-07-12 11:23:00,餐飲,錢包,184,TWD,配額列684
2026-07-13 12:24:00,餐飲,錢包,185,TWD,配額列685
2026-07-14 13:25:00,餐飲,錢包,186,TWD,配額列686
2026-07-15 14:26:00,餐飲,錢包,187,TWD,配額列687
2026-07-16 15:27:00,餐飲,錢包,188,TWD,配額列688
2026-07-17 16:28:00,餐飲,錢包,189,TWD,配額列689
2026-07-18 17:29:00,餐飲,錢包,190,TWD,配額列690
2026-07-19 18:30:00,餐飲,錢包,191,TWD,配額列691
2026-07-20 19:31:00,餐飲,錢包,192,TWD,配額列692
2026-07-21 20:32:00,餐飲,錢包,193,TWD,配額列693
2026-07-22 21:33:00,餐飲,錢包,194,TWD,配額列694
2026-07-23 22:34:00,餐飲,錢包,195,TWD,配額列695
2026-07-24 23:35:00,餐飲,錢包,196,TWD,配額列696
2026-07-25 00:36:00,餐飲,錢包,197,TWD,配額列697
2026-07-26 01:37:00,餐飲,錢包,198,TWD,配額列698
2026-07-27 02:38:00,餐飲,錢包,199,TWD,配額列699
2026-07-28 03:39:00,餐飲,錢包,200,TWD,配額列700
2026-07-01 04:40:00,餐飲,錢包,201,TWD,配額列701
2026-07-02 05:41:00,餐飲,錢包,202,TWD,配額列702
2026-07-03 06:42:00,餐飲,錢包,203,TWD,配額列703
2026-07-04 07:43:00,餐飲,錢包,204,TWD,配額列704
2026-07-05 08:44:00,餐飲,錢包,205,TWD,配額列705
2026-07-06 09:45:00,餐飲,錢包,206,TWD,配額列706
2026-07-07 10:46:00,餐飲,錢包,207,TWD,配額列707
2026-07-08 11:47:00,餐飲,錢包,208,TWD,配額列708
2026-07-09 12:48:00,餐飲,錢包,209,TWD,配額列709
2026-07-10 13:49:00,餐飲,錢包,210,TWD,配額列710
2026-07-11 14:50:00,餐飲,錢包,211,TWD,配額列711
2026-07-12 15:51:00,餐飲,錢包,212,TWD,配額列712
2026-07-13 16:52:00,餐飲,錢包,213,TWD,配額列713
2026-07-14 17:53:00,餐飲,錢包,214,TWD,配額列714
2026-07-15 18:54:00,餐飲,錢包,215,TWD,配額列715
2026-07-16 19:55:00,餐飲,錢包,216,TWD,配額列716
2026-07-17 20:56:00,餐飲,錢包,217,TWD,配額列717
2026-07-18 21:57:00,餐飲,錢包,218,TWD,配額列718
2026-07-19 22:58:00,餐飲,錢包,219,TWD,配額列719
2026-07-20 23:59:00,餐飲,錢包,220,TWD,配額列720
2026-07-21 00:00:00,餐飲,錢包,221,TWD,配額列721
2026-07-22 01:01:00,餐飲,錢包,222,TWD,配額列722
2026-07-23 02:02:00,餐飲,錢包,223,TWD,配額列723
2026-07-24 03:03:00,餐飲,錢包,224,TWD,配額列724
2026-07-25 04:04:00,餐飲,錢包,225,TWD,配額列725
2026-07-26 05:05:00,餐飲,錢包,226,TWD,配額列726
2026-07-27 06:06:00,餐飲,錢包,227,TWD,配額列727
2026-07-28 07:07:00,餐飲,錢包,228,TWD,配額列728
2026-07-01 08:08:00,餐飲,錢包,229,TWD,配額列729
2026-07-02 09:09:00,餐飲,錢包,230,TWD,配額列730
2026-07-03 10:10:00,餐飲,錢包,231,TWD,配額列731
2026-07-04 11:11:00,餐飲,錢包,232,TWD,配額列732
2026-07-05 12:12:00,餐飲,錢包,233,TWD,配額列733
2026-07-06 13:13:00,餐飲,錢包,234,TWD,配額列734
2026-07-07 14:14:00,餐飲,錢包,235,TWD,配額列735
2026-07-08 15:15:00,餐飲,錢包,236,TWD,配額列736
2026-07-09 16:16:00,餐飲,錢包,237,TWD,配額列737
2026-07-10 17:17:00,餐飲,錢包,238,TWD,配額列738
2026-07-11 18:18:00,餐飲,錢包,239,TWD,配額列739
2026-07-12 19:19:00,餐飲,錢包,240,TWD,配額列740
2026-07-13 20:20:00,餐飲,錢包,241,TWD,配額列741
2026-07-14 21:21:00,餐飲,錢包,242,TWD,配額列742
2026-07-15 22:22:00,餐飲,錢包,243,TWD,配額列743
2026-07-16 23:23:00,餐飲,錢包,244,TWD,配額列744
2026-07-17 00:24:00,餐飲,錢包,245,TWD,配額列745
2026-07-18 01:25:00,餐飲,錢包,246,TWD,配額列746
2026-07-19 02:26:00,餐飲,錢包,247,TWD,配額列747
2026-07-20 03:27:00,餐飲,錢包,248,TWD,配額列748
2026-07-21 04:28:00,餐飲,錢包,249,TWD,配額列749
2026-07-22 05:29:00,餐飲,錢包,250,TWD,配額列750
2026-07-23 06:30:00,餐飲,錢包,251,TWD,配額列751
2026-07-24 07:31:00,餐飲,錢包,252,TWD,配額列752
2026-07-25 08:32:00,餐飲,錢包,253,TWD,配額列753
2026-07-26 09:33:00,餐飲,錢包,254,TWD,配額列754
2026-07-27 10:34:00,餐飲,錢包,255,TWD,配額列755
2026-07-28 11:35:00,餐飲,錢包,256,TWD,配額列756
2026-07-01 12:36:00,餐飲,錢包,257,TWD,配額列757
2026-07-02 13:37:00,餐飲,錢包,258,TWD,配額列758
2026-07-03 14:38:00,餐飲,錢包,259,TWD,配額列759
2026-07-04 15:39:00,餐飲,錢包,260,TWD,配額列760
2026-07-05 16:40:00,餐飲,錢包,261,TWD,配額列761
2026-07-06 17:41:00,餐飲,錢包,262,TWD,配額列762
2026-07-07 18:42:00,餐飲,錢包,263,TWD,配額列763
2026-07-08 19:43:00,餐飲,錢包,264,TWD,配額列764
2026-07-09 20:44:00,餐飲,錢包,265,TWD,配額列765
2026-07-10 21:45:00,餐飲,錢包,266,TWD,配額列766
2026-07-11 22:46:00,餐飲,錢包,267,TWD,配額列767
2026-07-12 23:47:00,餐飲,錢包,268,TWD,配額列768
2026-07-13 00:48:00,餐飲,錢包,269,TWD,配額列769
2026-07-14 01:49:00,餐飲,錢包,270,TWD,配額列770
2026-07-15 02:50:00,餐飲,錢包,271,TWD,配額列771
2026-07-16 03:51:00,餐飲,錢包,272,TWD,配額列772
2026-07-17 04:52:00,餐飲,錢包,273,TWD,配額列773
2026-07-18 05:53:00,餐飲,錢包,274,TWD,配額列774
2026-07-19 06:54:00,餐飲,錢包,275,TWD,配額列775
2026-07-20 07:55:00,餐飲,錢包,276,TWD,配額列776
2026-07-21 08:56:00,餐飲,錢包,277,TWD,配額列777
2026-07-22 09:57:00,餐飲,錢包,278,TWD,配額列778
2026-07-23 10:58:00,餐飲,錢包,279,TWD,配額列779
2026-07-24 11:59:00,餐飲,錢包,280,TWD,配額列780
2026-07-25 12:00:00,餐飲,錢包,281,TWD,配額列781
2026-07-26 13:01:00,餐飲,錢包,282,TWD,配額列782
2026-07-27 14:02:00,餐飲,錢包,283,TWD,配額列783
2026-07-28 15:03:00,餐飲,錢包,284,TWD,配額列784
2026-07-01 16:04:00,餐飲,錢包,285,TWD,配額列785
2026-07-02 17:05:00,餐飲,錢包,286,TWD,配額列786
2026-07-03 18:06:00,餐飲,錢包,287,TWD,配額列787
2026-07-04 19:07:00,餐飲,錢包,288,TWD,配額列788
2026-07-05 20:08:00,餐飲,錢包,289,TWD,配額列789
2026-07-06 21:09:00,餐飲,錢包,290,TWD,配額列790
2026-07-07 22:10:00,餐飲,錢包,291,TWD,配額列791
2026-07-08 23:11:00,餐飲,錢包,292,TWD,配額列792
2026-07-09 00:12:00,餐飲,錢包,293,TWD,配額列793
2026-07-10 01:13:00,餐飲,錢包,294,TWD,配額列794
2026-07-11 02:14:00,餐飲,錢包,295,TWD,配額列795
2026-07-12 03:15:00,餐飲,錢包,296,TWD,配額列796
2026-07-13 04:16:00,餐飲,錢包,297,TWD,配額列797
2026-07-14 05:17:00,餐飲,錢包,298,TWD,配額列798
2026-07-15 06:18:00,餐飲,錢包,299,TWD,配額列799
2026-07-16 07:19:00,餐飲,錢包,300,TWD,配額列800
2026-07-17 08:20:00,餐飲,錢包,301,TWD,配額列801
2026-07-18 09:21:00,餐飲,錢包,302,TWD,配額列802
2026-07-19 10:22:00,餐飲,錢包,303,TWD,配額列803
2026-07-20 11:23:00,餐飲,錢包,304,TWD,配額列804
2026-07-21 12:24:00,餐飲,錢包,305,TWD,配額列805
2026-07-22 13:25:00,餐飲,錢包,306,TWD,配額列806
2026-07-23 14:26:00,餐飲,錢包,307,TWD,配額列807
2026-07-24 15:27:00,餐飲,錢包,308,TWD,配額列808
2026-07-25 16:28:00,餐飲,錢包,309,TWD,配額列809
2026-07-26 17:29:00,餐飲,錢包,310,TWD,配額列810
2026-07-27 18:30:00,餐飲,錢包,311,TWD,配額列811
2026-07-28 19:31:00,餐飲,錢包,312,TWD,配額列812
2026-07-01 20:32:00,餐飲,錢包,313,TWD,配額列813
2026-07-02 21:33:00,餐飲,錢包,314,TWD,配額列814
2026-07-03 22:34:00,餐飲,錢包,315,TWD,配額列815
2026-07-04 23:35:00,餐飲,錢包,316,TWD,配額列816
2026-07-05 00:36:00,餐飲,錢包,317,TWD,配額列817
2026-07-06 01:37:00,餐飲,錢包,318,TWD,配額列818
2026-07-07 02:38:00,餐飲,錢包,319,TWD,配額列819
2026-07-08 03:39:00,餐飲,錢包,320,TWD,配額列820
2026-07-09 04:40:00,餐飲,錢包,321,TWD,配額列821
2026-07-10 05:41:00,餐飲,錢包,322,TWD,配額列822
2026-07-11 06:42:00,餐飲,錢包,323,TWD,配額列823
2026-07-12 07:43:00,餐飲,錢包,324,TWD,配額列824
2026-07-13 08:44:00,餐飲,錢包,325,TWD,配額列825
2026-07-14 09:45:00,餐飲,錢包,326,TWD,配額列826
2026-07-15 10:46:00,餐飲,錢包,327,TWD,配額列827
2026-07-16 11:47:00,餐飲,錢包,328,TWD,配額列828
2026-07-17 12:48:00,餐飲,錢包,329,TWD,配額列829
2026-07-18 13:49:00,餐飲,錢包,330,TWD,配額列830
2026-07-19 14:50:00,餐飲,錢包,331,TWD,配額列831
2026-07-20 15:51:00,餐飲,錢包,332,TWD,配額列832
2026-07-21 16:52:00,餐飲,錢包,333,TWD,配額列833
2026-07-22 17:53:00,餐飲,錢包,334,TWD,配額列834
2026-07-23 18:54:00,餐飲,錢包,335,TWD,配額列835
2026-07-24 19:55:00,餐飲,錢包,336,TWD,配額列836
2026-07-25 20:56:00,餐飲,錢包,337,TWD,配額列837
2026-07-26 21:57:00,餐飲,錢包,338,TWD,配額列838
2026-07-27 22:58:00,餐飲,錢包,339,TWD,配額列839
2026-07-28 23:59:00,餐飲,錢包,340,TWD,配額列840
2026-07-01 00:00:00,餐飲,錢包,341,TWD,配額列841
2026-07-02 01:01:00,餐飲,錢包,342,TWD,配額列842
2026-07-03 02:02:00,餐飲,錢包,343,TWD,配額列843
2026-07-04 03:03:00,餐飲,錢包,344,TWD,配額列844
2026-07-05 04:04:00,餐飲,錢包,345,TWD,配額列845
2026-07-06 05:05:00,餐飲,錢包,346,TWD,配額列846
2026-07-07 06:06:00,餐飲,錢包,347,TWD,配額列847
2026-07-08 07:07:00,餐飲,錢包,348,TWD,配額列848
2026-07-09 08:08:00,餐飲,錢包,349,TWD,配額列849
2026-07-10 09:09:00,餐飲,錢包,350,TWD,配額列850
2026-07-11 10:10:00,餐飲,錢包,351,TWD,配額列851
2026-07-12 11:11:00,餐飲,錢包,352,TWD,配額列852
2026-07-13 12:12:00,餐飲,錢包,353,TWD,配額列853
2026-07-14 13:13:00,餐飲,錢包,354,TWD,配額列854
2026-07-15 14:14:00,餐飲,錢包,355,TWD,配額列855
2026-07-16 15:15:00,餐飲,錢包,356,TWD,配額列856
2026-07-17 16:16:00,餐飲,錢包,357,TWD,配額列857
2026-07-18 17:17:00,餐飲,錢包,358,TWD,配額列858
2026-07-19 18:18:00,餐飲,錢包,359,TWD,配額列859
2026-07-20 19:19:00,餐飲,錢包,360,TWD,配額列860
2026-07-21 20:20:00,餐飲,錢包,361,TWD,配額列861
2026-07-22 21:21:00,餐飲,錢包,362,TWD,配額列862
2026-07-23 22:22:00,餐飲,錢包,363,TWD,配額列863
2026-07-24 23:23:00,餐飲,錢包,364,TWD,配額列864
2026-07-25 00:24:00,餐飲,錢包,365,TWD,配額列865
2026-07-26 01:25:00,餐飲,錢包,366,TWD,配額列866
2026-07-27 02:26:00,餐飲,錢包,367,TWD,配額列867
2026-07-28 03:27:00,餐飲,錢包,368,TWD,配額列868
2026-07-01 04:28:00,餐飲,錢包,369,TWD,配額列869
2026-07-02 05:29:00,餐飲,錢包,370,TWD,配額列870
2026-07-03 06:30:00,餐飲,錢包,371,TWD,配額列871
2026-07-04 07:31:00,餐飲,錢包,372,TWD,配額列872
2026-07-05 08:32:00,餐飲,錢包,373,TWD,配額列873
2026-07-06 09:33:00,餐飲,錢包,374,TWD,配額列874
2026-07-07 10:34:00,餐飲,錢包,375,TWD,配額列875
2026-07-08 11:35:00,餐飲,錢包,376,TWD,配額列876
2026-07-09 12:36:00,餐飲,錢包,377,TWD,配額列877
2026-07-10 13:37:00,餐飲,錢包,378,TWD,配額列878
2026-07-11 14:38:00,餐飲,錢包,379,TWD,配額列879
2026-07-12 15:39:00,餐飲,錢包,380,TWD,配額列880
2026-07-13 16:40:00,餐飲,錢包,381,TWD,配額列881
2026-07-14 17:41:00,餐飲,錢包,382,TWD,配額列882
2026-07-15 18:42:00,餐飲,錢包,383,TWD,配額列883
2026-07-16 19:43:00,餐飲,錢包,384,TWD,配額列884
2026-07-17 20:44:00,餐飲,錢包,385,TWD,配額列885
2026-07-18 21:45:00,餐飲,錢包,386,TWD,配額列886
2026-07-19 22:46:00,餐飲,錢包,387,TWD,配額列887
2026-07-20 23:47:00,餐飲,錢包,388,TWD,配額列888
2026-07-21 00:48:00,餐飲,錢包,389,TWD,配額列889
2026-07-22 01:49:00,餐飲,錢包,390,TWD,配額列890
2026-07-23 02:50:00,餐飲,錢包,391,TWD,配額列891
2026-07-24 03:51:00,餐飲,錢包,392,TWD,配額列892
2026-07-25 04:52:00,餐飲,錢包,393,TWD,配額列893
2026-07-26 05:53:00,餐飲,錢包,394,TWD,配額列894
2026-07-27 06:54:00,餐飲,錢包,395,TWD,配額列895
2026-07-28 07:55:00,餐飲,錢包,396,TWD,配額列896
2026-07-01 08:56:00,餐飲,錢包,397,TWD,配額列897
2026-07-02 09:57:00,餐飲,錢包,398,TWD,配額列898
2026-07-03 10:58:00,餐飲,錢包,399,TWD,配額列899
2026-07-04 11:59:00,餐飲,錢包,400,TWD,配額列900
2026-07-05 12:00:00,餐飲,錢包,401,TWD,配額列901
2026-07-06 13:01:00,餐飲,錢包,402,TWD,配額列902
2026-07-07 14:02:00,餐飲,錢包,403,TWD,配額列903
2026-07-08 15:03:00,餐飲,錢包,404,TWD,配額列904
2026-07-09 16:04:00,餐飲,錢包,405,TWD,配額列905
2026-07-10 17:05:00,餐飲,錢包,406,TWD,配額列906
2026-07-11 18:06:00,餐飲,錢包,407,TWD,配額列907
2026-07-12 19:07:00,餐飲,錢包,408,TWD,配額列908
2026-07-13 20:08:00,餐飲,錢包,409,TWD,配額列909
2026-07-14 21:09:00,餐飲,錢包,410,TWD,配額列910
2026-07-15 22:10:00,餐飲,錢包,411,TWD,配額列911
2026-07-16 23:11:00,餐飲,錢包,412,TWD,配額列912
2026-07-17 00:12:00,餐飲,錢包,413,TWD,配額列913
2026-07-18 01:13:00,餐飲,錢包,414,TWD,配額列914
2026-07-19 02:14:00,餐飲,錢包,415,TWD,配額列915
2026-07-20 03:15:00,餐飲,錢包,416,TWD,配額列916
2026-07-21 04:16:00,餐飲,錢包,417,TWD,配額列917
2026-07-22 05:17:00,餐飲,錢包,418,TWD,配額列918
2026-07-23 06:18:00,餐飲,錢包,419,TWD,配額列919
2026-07-24 07:19:00,餐飲,錢包,420,TWD,配額列920
2026-07-25 08:20:00,餐飲,錢包,421,TWD,配額列921
2026-07-26 09:21:00,餐飲,錢包,422,TWD,配額列922
2026-07-27 10:22:00,餐飲,錢包,423,TWD,配額列923
2026-07-28 11:23:00,餐飲,錢包,424,TWD,配額列924
2026-07-01 12:24:00,餐飲,錢包,425,TWD,配額列925
2026-07-02 13:25:00,餐飲,錢包,426,TWD,配額列926
2026-07-03 14:26:00,餐飲,錢包,427,TWD,配額列927
2026-07-04 15:27:00,餐飲,錢包,428,TWD,配額列928
2026-07-05 16:28:00,餐飲,錢包,429,TWD,配額列929
2026-07-06 17:29:00,餐飲,錢包,430,TWD,配額列930
2026-07-07 18:30:00,餐飲,錢包,431,TWD,配額列931
2026-07-08 19:31:00,餐飲,錢包,432,TWD,配額列932
2026-07-09 20:32:00,餐飲,錢包,433,TWD,配額列933
2026-07-10 21:33:00,餐飲,錢包,434,TWD,配額列934
2026-07-11 22:34:00,餐飲,錢包,435,TWD,配額列935
2026-07-12 23:35:00,餐飲,錢包,436,TWD,配額列936
2026-07-13 00:36:00,餐飲,錢包,437,TWD,配額列937
2026-07-14 01:37:00,餐飲,錢包,438,TWD,配額列938
2026-07-15 02:38:00,餐飲,錢包,439,TWD,配額列939
2026-07-16 03:39:00,餐飲,錢包,440,TWD,配額列940
2026-07-17 04:40:00,餐飲,錢包,441,TWD,配額列941
2026-07-18 05:41:00,餐飲,錢包,442,TWD,配額列942
2026-07-19 06:42:00,餐飲,錢包,443,TWD,配額列943
2026-07-20 07:43:00,餐飲,錢包,444,TWD,配額列944
2026-07-21 08:44:00,餐飲,錢包,445,TWD,配額列945
2026-07-22 09:45:00,餐飲,錢包,446,TWD,配額列946
2026-07-23 10:46:00,餐飲,錢包,447,TWD,配額列947
2026-07-24 11:47:00,餐飲,錢包,448,TWD,配額列948
2026-07-25 12:48:00,餐飲,錢包,449,TWD,配額列949
2026-07-26 13:49:00,餐飲,錢包,450,TWD,配額列950
2026-07-27 14:50:00,餐飲,錢包,451,TWD,配額列951
2026-07-28 15:51:00,餐飲,錢包,452,TWD,配額列952
2026-07-01 16:52:00,餐飲,錢包,453,TWD,配額列953
2026-07-02 17:53:00,餐飲,錢包,454,TWD,配額列954
2026-07-03 18:54:00,餐飲,錢包,455,TWD,配額列955
2026-07-04 19:55:00,餐飲,錢包,456,TWD,配額列956
2026-07-05 20:56:00,餐飲,錢包,457,TWD,配額列957
2026-07-06 21:57:00,餐飲,錢包,458,TWD,配額列958
2026-07-07 22:58:00,餐飲,錢包,459,TWD,配額列959
2026-07-08 23:59:00,餐飲,錢包,460,TWD,配額列960
2026-07-09 00:00:00,餐飲,錢包,461,TWD,配額列961
2026-07-10 01:01:00,餐飲,錢包,462,TWD,配額列962
2026-07-11 02:02:00,餐飲,錢包,463,TWD,配額列963
2026-07-12 03:03:00,餐飲,錢包,464,TWD,配額列964
2026-07-13 04:04:00,餐飲,錢包,465,TWD,配額列965
2026-07-14 05:05:00,餐飲,錢包,466,TWD,配額列966
2026-07-15 06:06:00,餐飲,錢包,467,TWD,配額列967
2026-07-16 07:07:00,餐飲,錢包,468,TWD,配額列968
2026-07-17 08:08:00,餐飲,錢包,469,TWD,配額列969
2026-07-18 09:09:00,餐飲,錢包,470,TWD,配額列970
2026-07-19 10:10:00,餐飲,錢包,471,TWD,配額列971
2026-07-20 11:11:00,餐飲,錢包,472,TWD,配額列972
2026-07-21 12:12:00,餐飲,錢包,473,TWD,配額列973
2026-07-22 13:13:00,餐飲,錢包,474,TWD,配額列974
2026-07-23 14:14:00,餐飲,錢包,475,TWD,配額列975
2026-07-24 15:15:00,餐飲,錢包,476,TWD,配額列976
2026-07-25 16:16:00,餐飲,錢包,477,TWD,配額列977
2026-07-26 17:17:00,餐飲,錢包,478,TWD,配額列978
2026-07-27 18:18:00,餐飲,錢包,479,TWD,配額列979
2026-07-28 19:19:00,餐飲,錢包,480,TWD,配額列980
2026-07-01 20:20:00,餐飲,錢包,481,TWD,配額列981
2026-07-02 21:21:00,餐飲,錢包,482,TWD,配額列982
2026-07-03 22:22:00,餐飲,錢包,483,TWD,配額列983
2026-07-04 23:23:00,餐飲,錢包,484,TWD,配額列984
2026-07-05 00:24:00,餐飲,錢包,485,TWD,配額列985
2026-07-06 01:25:00,餐飲,錢包,486,TWD,配額列986
2026-07-07 02:26:00,餐飲,錢包,487,TWD,配額列987
2026-07-08 03:27:00,餐飲,錢包,488,TWD,配額列988
2026-07-09 04:28:00,餐飲,錢包,489,TWD,配額列989
2026-07-10 05:29:00,餐飲,錢包,490,TWD,配額列990
2026-07-11 06:30:00,餐飲,錢包,491,TWD,配額列991
2026-07-12 07:31:00,餐飲,錢包,492,TWD,配額列992
2026-07-13 08:32:00,餐飲,錢包,493,TWD,配額列993
2026-07-14 09:33:00,餐飲,錢包,494,TWD,配額列994
2026-07-15 10:34:00,餐飲,錢包,495,TWD,配額列995
2026-07-16 11:35:00,餐飲,錢包,496,TWD,配額列996
2026-07-17 12:36:00,餐飲,錢包,497,TWD,配額列997
2026-07-18 13:37:00,餐飲,錢包,498,TWD,配額列998
2026-07-19 14:38:00,餐飲,錢包,499,TWD,配額列999
2026-07-20 15:39:00,餐飲,錢包,500,TWD,配額列1000
2026-07-21 16:40:00,餐飲,錢包,1,TWD,配額列1001
2026-07-22 17:41:00,餐飲,錢包,2,TWD,配額列1002
2026-07-23 18:42:00,餐飲,錢包,3,TWD,配額列1003
2026-07-24 19:43:00,餐飲,錢包,4,TWD,配額列1004
2026-07-25 20:44:00,餐飲,錢包,5,TWD,配額列1005
2026-07-26 21:45:00,餐飲,錢包,6,TWD,配額列1006
2026-07-27 22:46:00,餐飲,錢包,7,TWD,配額列1007
2026-07-28 23:47:00,餐飲,錢包,8,TWD,配額列1008
2026-07-01 00:48:00,餐飲,錢包,9,TWD,配額列1009
2026-07-02 01:49:00,餐飲,錢包,10,TWD,配額列1010
2026-07-03 02:50:00,餐飲,錢包,11,TWD,配額列1011
2026-07-04 03:51:00,餐飲,錢包,12,TWD,配額列1012
2026-07-05 04:52:00,餐飲,錢包,13,TWD,配額列1013
2026-07-06 05:53:00,餐飲,錢包,14,TWD,配額列1014
2026-07-07 06:54:00,餐飲,錢包,15,TWD,配額列1015
2026-07-08 07:55:00,餐飲,錢包,16,TWD,配額列1016
2026-07-09 08:56:00,餐飲,錢包,17,TWD,配額列1017
2026-07-10 09:57:00,餐飲,錢包,18,TWD,配額列1018
2026-07-11 10:58:00,餐飲,錢包,19,TWD,配額列1019
2026-07-12 11:59:00,餐飲,錢包,20,TWD,配額列1020
2026-07-13 12:00:00,餐飲,錢包,21,TWD,配額列1021
2026-07-14 13:01:00,餐飲,錢包,22,TWD,配額列1022
2026-07-15 14:02:00,餐飲,錢包,23,TWD,配額列1023
2026-07-16 15:03:00,餐飲,錢包,24,TWD,配額列1024
2026-07-17 16:04:00,餐飲,錢包,25,TWD,配額列1025
2026-07-18 17:05:00,餐飲,錢包,26,TWD,配額列1026
2026-07-19 18:06:00,餐飲,錢包,27,TWD,配額列1027
2026-07-20 19:07:00,餐飲,錢包,28,TWD,配額列1028
2026-07-21 20:08:00,餐飲,錢包,29,TWD,配額列1029
2026-07-22 21:09:00,餐飲,錢包,30,TWD,配額列1030
2026-07-23 22:10:00,餐飲,錢包,31,TWD,配額列1031
2026-07-24 23:11:00,餐飲,錢包,32,TWD,配額列1032
2026-07-25 00:12:00,餐飲,錢包,33,TWD,配額列1033
2026-07-26 01:13:00,餐飲,錢包,34,TWD,配額列1034
2026-07-27 02:14:00,餐飲,錢包,35,TWD,配額列1035
2026-07-28 03:15:00,餐飲,錢包,36,TWD,配額列1036
2026-07-01 04:16:00,餐飲,錢包,37,TWD,配額列1037
2026-07-02 05:17:00,餐飲,錢包,38,TWD,配額列1038
2026-07-03 06:18:00,餐飲,錢包,39,TWD,配額列1039
2026-07-04 07:19:00,餐飲,錢包,40,TWD,配額列1040
2026-07-05 08:20:00,餐飲,錢包,41,TWD,配額列1041
2026-07-06 09:21:00,餐飲,錢包,42,TWD,配額列1042
2026-07-07 10:22:00,餐飲,錢包,43,TWD,配額列1043
2026-07-08 11:23:00,餐飲,錢包,44,TWD,配額列1044
2026-07-09 12:24:00,餐飲,錢包,45,TWD,配額列1045
2026-07-10 13:25:00,餐飲,錢包,46,TWD,配額列1046
2026-07-11 14:26:00,餐飲,錢包,47,TWD,配額列1047
2026-07-12 15:27:00,餐飲,錢包,48,TWD,配額列1048
2026-07-13 16:28:00,餐飲,錢包,49,TWD,配額列1049
2026-07-14 17:29:00,餐飲,錢包,50,TWD,配額列1050
2026-07-15 18:30:00,餐飲,錢包,51,TWD,配額列1051
2026-07-16 19:31:00,餐飲,錢包,52,TWD,配額列1052
2026-07-17 20:32:00,餐飲,錢包,53,TWD,配額列1053
2026-07-18 21:33:00,餐飲,錢包,54,TWD,配額列1054
2026-07-19 22:34:00,餐飲,錢包,55,TWD,配額列1055
2026-07-20 23:35:00,餐飲,錢包,56,TWD,配額列1056
2026-07-21 00:36:00,餐飲,錢包,57,TWD,配額列1057
2026-07-22 01:37:00,餐飲,錢包,58,TWD,配額列1058
2026-07-23 02:38:00,餐飲,錢包,59,TWD,配額列1059
2026-07-24 03:39:00,餐飲,錢包,60,TWD,配額列1060
2026-07-25 04:40:00,餐飲,錢包,61,TWD,配額列1061
2026-07-26 05:41:00,餐飲,錢包,62,TWD,配額列1062
2026-07-27 06:42:00,餐飲,錢包,63,TWD,配額列1063
2026-07-28 07:43:00,餐飲,錢包,64,TWD,配額列1064
2026-07-01 08:44:00,餐飲,錢包,65,TWD,配額列1065
2026-07-02 09:45:00,餐飲,錢包,66,TWD,配額列1066
2026-07-03 10:46:00,餐飲,錢包,67,TWD,配額列1067
2026-07-04 11:47:00,餐飲,錢包,68,TWD,配額列1068
2026-07-05 12:48:00,餐飲,錢包,69,TWD,配額列1069
2026-07-06 13:49:00,餐飲,錢包,70,TWD,配額列1070
2026-07-07 14:50:00,餐飲,錢包,71,TWD,配額列1071
2026-07-08 15:51:00,餐飲,錢包,72,TWD,配額列1072
2026-07-09 16:52:00,餐飲,錢包,73,TWD,配額列1073
2026-07-10 17:53:00,餐飲,錢包,74,TWD,配額列1074
2026-07-11 18:54:00,餐飲,錢包,75,TWD,配額列1075
2026-07-12 19:55:00,餐飲,錢包,76,TWD,配額列1076
2026-07-13 20:56:00,餐飲,錢包,77,TWD,配額列1077
2026-07-14 21:57:00,餐飲,錢包,78,TWD,配額列1078
2026-07-15 22:58:00,餐飲,錢包,79,TWD,配額列1079
2026-07-16 23:59:00,餐飲,錢包,80,TWD,配額列1080
2026-07-17 00:00:00,餐飲,錢包,81,TWD,配額列1081
2026-07-18 01:01:00,餐飲,錢包,82,TWD,配額列1082
2026-07-19 02:02:00,餐飲,錢包,83,TWD,配額列1083
2026-07-20 03:03:00,餐飲,錢包,84,TWD,配額列1084
2026-07-21 04:04:00,餐飲,錢包,85,TWD,配額列1085
2026-07-22 05:05:00,餐飲,錢包,86,TWD,配額列1086
2026-07-23 06:06:00,餐飲,錢包,87,TWD,配額列1087
2026-07-24 07:07:00,餐飲,錢包,88,TWD,配額列1088
2026-07-25 08:08:00,餐飲,錢包,89,TWD,配額列1089
2026-07-26 09:09:00,餐飲,錢包,90,TWD,配額列1090
2026-07-27 10:10:00,餐飲,錢包,91,TWD,配額列1091
2026-07-28 11:11:00,餐飲,錢包,92,TWD,配額列1092
2026-07-01 12:12:00,餐飲,錢包,93,TWD,配額列1093
2026-07-02 13:13:00,餐飲,錢包,94,TWD,配額列1094
2026-07-03 14:14:00,餐飲,錢包,95,TWD,配額列1095
2026-07-04 15:15:00,餐飲,錢包,96,TWD,配額列1096
2026-07-05 16:16:00,餐飲,錢包,97,TWD,配額列1097
2026-07-06 17:17:00,餐飲,錢包,98,TWD,配額列1098
2026-07-07 18:18:00,餐飲,錢包,99,TWD,配額列1099
2026-07-08 19:19:00,餐飲,錢包,100,TWD,配額列1100
2026-07-09 20:20:00,餐飲,錢包,101,TWD,配額列1101
2026-07-10 21:21:00,餐飲,錢包,102,TWD,配額列1102
2026-07-11 22:22:00,餐飲,錢包,103,TWD,配額列1103
2026-07-12 23:23:00,餐飲,錢包,104,TWD,配額列1104
2026-07-13 00:24:00,餐飲,錢包,105,TWD,配額列1105
2026-07-14 01:25:00,餐飲,錢包,106,TWD,配額列1106
2026-07-15 02:26:00,餐飲,錢包,107,TWD,配額列1107
2026-07-16 03:27:00,餐飲,錢包,108,TWD,配額列1108
2026-07-17 04:28:00,餐飲,錢包,109,TWD,配額列1109
2026-07-18 05:29:00,餐飲,錢包,110,TWD,配額列1110
2026-07-19 06:30:00,餐飲,錢包,111,TWD,配額列1111
2026-07-20 07:31:00,餐飲,錢包,112,TWD,配額列1112
2026-07-21 08:32:00,餐飲,錢包,113,TWD,配額列1113
2026-07-22 09:33:00,餐飲,錢包,114,TWD,配額列1114
2026-07-23 10:34:00,餐飲,錢包,115,TWD,配額列1115
2026-07-24 11:35:00,餐飲,錢包,116,TWD,配額列1116
2026-07-25 12:36:00,餐飲,錢包,117,TWD,配額列1117
2026-07-26 13:37:00,餐飲,錢包,118,TWD,配額列1118
2026-07-27 14:38:00,餐飲,錢包,119,TWD,配額列1119
2026-07-28 15:39:00,餐飲,錢包,120,TWD,配額列1120
2026-07-01 16:40:00,餐飲,錢包,121,TWD,配額列1121
2026-07-02 17:41:00,餐飲,錢包,122,TWD,配額列1122
2026-07-03 18:42:00,餐飲,錢包,123,TWD,配額列1123
2026-07-04 19:43:00,餐飲,錢包,124,TWD,配額列1124
2026-07-05 20:44:00,餐飲,錢包,125,TWD,配額列1125
2026-07-06 21:45:00,餐飲,錢包,126,TWD,配額列1126
2026-07-07 22:46:00,餐飲,錢包,127,TWD,配額列1127
2026-07-08 23:47:00,餐飲,錢包,128,TWD,配額列1128
2026-07-09 00:48:00,餐飲,錢包,129,TWD,配額列1129
2026-07-10 01:49:00,餐飲,錢包,130,TWD,配額列1130
2026-07-11 02:50:00,餐飲,錢包,131,TWD,配額列1131
2026-07-12 03:51:00,餐飲,錢包,132,TWD,配額列1132
2026-07-13 04:52:00,餐飲,錢包,133,TWD,配額列1133
2026-07-14 05:53:00,餐飲,錢包,134,TWD,配額列1134
2026-07-15 06:54:00,餐飲,錢包,135,TWD,配額列1135
2026-07-16 07:55:00,餐飲,錢包,136,TWD,配額列1136
2026-07-17 08:56:00,餐飲,錢包,137,TWD,配額列1137
2026-07-18 09:57:00,餐飲,錢包,138,TWD,配額列1138
2026-07-19 10:58:00,餐飲,錢包,139,TWD,配額列1139
2026-07-20 11:59:00,餐飲,錢包,140,TWD,配額列1140
2026-07-21 12:00:00,餐飲,錢包,141,TWD,配額列1141
2026-07-22 13:01:00,餐飲,錢包,142,TWD,配額列1142
2026-07-23 14:02:00,餐飲,錢包,143,TWD,配額列1143
2026-07-24 15:03:00,餐飲,錢包,144,TWD,配額列1144
2026-07-25 16:04:00,餐飲,錢包,145,TWD,配額列1145
2026-07-26 17:05:00,餐飲,錢包,146,TWD,配額列1146
2026-07-27 18:06:00,餐飲,錢包,147,TWD,配額列1147
2026-07-28 19:07:00,餐飲,錢包,148,TWD,配額列1148
2026-07-01 20:08:00,餐飲,錢包,149,TWD,配額列1149
2026-07-02 21:09:00,餐飲,錢包,150,TWD,配額列1150
2026-07-03 22:10:00,餐飲,錢包,151,TWD,配額列1151
2026-07-04 23:11:00,餐飲,錢包,152,TWD,配額列1152
2026-07-05 00:12:00,餐飲,錢包,153,TWD,配額列1153
2026-07-06 01:13:00,餐飲,錢包,154,TWD,配額列1154
2026-07-07 02:14:00,餐飲,錢包,155,TWD,配額列1155
2026-07-08 03:15:00,餐飲,錢包,156,TWD,配額列1156
2026-07-09 04:16:00,餐飲,錢包,157,TWD,配額列1157
2026-07-10 05:17:00,餐飲,錢包,158,TWD,配額列1158
2026-07-11 06:18:00,餐飲,錢包,159,TWD,配額列1159
2026-07-12 07:19:00,餐飲,錢包,160,TWD,配額列1160
2026-07-13 08:20:00,餐飲,錢包,161,TWD,配額列1161
2026-07-14 09:21:00,餐飲,錢包,162,TWD,配額列1162
2026-07-15 10:22:00,餐飲,錢包,163,TWD,配額列1163
2026-07-16 11:23:00,餐飲,錢包,164,TWD,配額列1164
2026-07-17 12:24:00,餐飲,錢包,165,TWD,配額列1165
2026-07-18 13:25:00,餐飲,錢包,166,TWD,配額列1166
2026-07-19 14:26:00,餐飲,錢包,167,TWD,配額列1167
2026-07-20 15:27:00,餐飲,錢包,168,TWD,配額列1168
2026-07-21 16:28:00,餐飲,錢包,169,TWD,配額列1169
2026-07-22 17:29:00,餐飲,錢包,170,TWD,配額列1170
2026-07-23 18:30:00,餐飲,錢包,171,TWD,配額列1171
2026-07-24 19:31:00,餐飲,錢包,172,TWD,配額列1172
2026-07-25 20:32:00,餐飲,錢包,173,TWD,配額列1173
2026-07-26 21:33:00,餐飲,錢包,174,TWD,配額列1174
2026-07-27 22:34:00,餐飲,錢包,175,TWD,配額列1175
2026-07-28 23:35:00,餐飲,錢包,176,TWD,配額列1176
2026-07-01 00:36:00,餐飲,錢包,177,TWD,配額列1177
2026-07-02 01:37:00,餐飲,錢包,178,TWD,配額列1178
2026-07-03 02:38:00,餐飲,錢包,179,TWD,配額列1179
2026-07-04 03:39:00,餐飲,錢包,180,TWD,配額列1180
2026-07-05 04:40:00,餐飲,錢包,181,TWD,配額列1181
2026-07-06 05:41:00,餐飲,錢包,182,TWD,配額列1182
2026-07-07 06:42:00,餐飲,錢包,183,TWD,配額列1183
2026-07-08 07:43:00,餐飲,錢包,184,TWD,配額列1184
2026-07-09 08:44:00,餐飲,錢包,185,TWD,配額列1185
2026-07-10 09:45:00,餐飲,錢包,186,TWD,配額列1186
2026-07-11 10:46:00,餐飲,錢包,187,TWD,配額列1187
2026-07-12 11:47:00,餐飲,錢包,188,TWD,配額列1188
2026-07-13 12:48:00,餐飲,錢包,189,TWD,配額列1189
2026-07-14 13:49:00,餐飲,錢包,190,TWD,配額列1190
2026-07-15 14:50:00,餐飲,錢包,191,TWD,配額列1191
2026-07-16 15:51:00,餐飲,錢包,192,TWD,配額列1192
2026-07-17 16:52:00,餐飲,錢包,193,TWD,配額列1193
2026-07-18 17:53:00,餐飲,錢包,194,TWD,配額列1194
2026-07-19 18:54:00,餐飲,錢包,195,TWD,配額列1195
2026-07-20 19:55:00,餐飲,錢包,196,TWD,配額列1196
2026-07-21 20:56:00,餐飲,錢包,197,TWD,配額列1197
2026-07-22 21:57:00,餐飲,錢包,198,TWD,配額列1198
2026-07-23 22:58:00,餐飲,錢包,199,TWD,配額列1199
2026-07-24 23:59:00,餐飲,錢包,200,TWD,配額列1200
2026-07-25 00:00:00,餐飲,錢包,201,TWD,配額列1201
2026-07-26 01:01:00,餐飲,錢包,202,TWD,配額列1202
2026-07-27 02:02:00,餐飲,錢包,203,TWD,配額列1203
2026-07-28 03:03:00,餐飲,錢包,204,TWD,配額列1204
2026-07-01 04:04:00,餐飲,錢包,205,TWD,配額列1205
2026-07-02 05:05:00,餐飲,錢包,206,TWD,配額列1206
2026-07-03 06:06:00,餐飲,錢包,207,TWD,配額列1207
2026-07-04 07:07:00,餐飲,錢包,208,TWD,配額列1208
2026-07-05 08:08:00,餐飲,錢包,209,TWD,配額列1209
2026-07-06 09:09:00,餐飲,錢包,210,TWD,配額列1210
2026-07-07 10:10:00,餐飲,錢包,211,TWD,配額列1211
2026-07-08 11:11:00,餐飲,錢包,212,TWD,配額列1212
2026-07-09 12:12:00,餐飲,錢包,213,TWD,配額列1213
2026-07-10 13:13:00,餐飲,錢包,214,TWD,配額列1214
2026-07-11 14:14:00,餐飲,錢包,215,TWD,配額列1215
2026-07-12 15:15:00,餐飲,錢包,216,TWD,配額列1216
2026-07-13 16:16:00,餐飲,錢包,217,TWD,配額列1217
2026-07-14 17:17:00,餐飲,錢包,218,TWD,配額列1218
2026-07-15 18:18:00,餐飲,錢包,219,TWD,配額列1219
2026-07-16 19:19:00,餐飲,錢包,220,TWD,配額列1220
2026-07-17 20:20:00,餐飲,錢包,221,TWD,配額列1221
2026-07-18 21:21:00,餐飲,錢包,222,TWD,配額列1222
2026-07-19 22:22:00,餐飲,錢包,223,TWD,配額列1223
2026-07-20 23:23:00,餐飲,錢包,224,TWD,配額列1224
2026-07-21 00:24:00,餐飲,錢包,225,TWD,配額列1225
2026-07-22 01:25:00,餐飲,錢包,226,TWD,配額列1226
2026-07-23 02:26:00,餐飲,錢包,227,TWD,配額列1227
2026-07-24 03:27:00,餐飲,錢包,228,TWD,配額列1228
2026-07-25 04:28:00,餐飲,錢包,229,TWD,配額列1229
2026-07-26 05:29:00,餐飲,錢包,230,TWD,配額列1230
2026-07-27 06:30:00,餐飲,錢包,231,TWD,配額列1231
2026-07-28 07:31:00,餐飲,錢包,232,TWD,配額列1232
2026-07-01 08:32:00,餐飲,錢包,233,TWD,配額列1233
2026-07-02 09:33:00,餐飲,錢包,234,TWD,配額列1234
2026-07-03 10:34:00,餐飲,錢包,235,TWD,配額列1235
2026-07-04 11:35:00,餐飲,錢包,236,TWD,配額列1236
2026-07-05 12:36:00,餐飲,錢包,237,TWD,配額列1237
2026-07-06 13:37:00,餐飲,錢包,238,TWD,配額列1238
2026-07-07 14:38:00,餐飲,錢包,239,TWD,配額列1239
2026-07-08 15:39:00,餐飲,錢包,240,TWD,配額列1240
2026-07-09 16:40:00,餐飲,錢包,241,TWD,配額列1241
2026-07-10 17:41:00,餐飲,錢包,242,TWD,配額列1242
2026-07-11 18:42:00,餐飲,錢包,243,TWD,配額列1243
2026-07-12 19:43:00,餐飲,錢包,244,TWD,配額列1244
2026-07-13 20:44:00,餐飲,錢包,245,TWD,配額列1245
2026-07-14 21:45:00,餐飲,錢包,246,TWD,配額列1246
2026-07-15 22:46:00,餐飲,錢包,247,TWD,配額列1247
2026-07-16 23:47:00,餐飲,錢包,248,TWD,配額列1248
2026-07-17 00:48:00,餐飲,錢包,249,TWD,配額列1249
2026-07-18 01:49:00,餐飲,錢包,250,TWD,配額列1250
2026-07-19 02:50:00,餐飲,錢包,251,TWD,配額列1251
2026-07-20 03:51:00,餐飲,錢包,252,TWD,配額列1252
2026-07-21 04:52:00,餐飲,錢包,253,TWD,配額列1253
2026-07-22 05:53:00,餐飲,錢包,254,TWD,配額列1254
2026-07-23 06:54:00,餐飲,錢包,255,TWD,配額列1255
2026-07-24 07:55:00,餐飲,錢包,256,TWD,配額列1256
2026-07-25 08:56:00,餐飲,錢包,257,TWD,配額列1257
2026-07-26 09:57:00,餐飲,錢包,258,TWD,配額列1258
2026-07-27 10:58:00,餐飲,錢包,259,TWD,配額列1259
2026-07-28 11:59:00,餐飲,錢包,260,TWD,配額列1260
2026-07-01 12:00:00,餐飲,錢包,261,TWD,配額列1261
2026-07-02 13:01:00,餐飲,錢包,262,TWD,配額列1262
2026-07-03 14:02:00,餐飲,錢包,263,TWD,配額列1263
2026-07-04 15:03:00,餐飲,錢包,264,TWD,配額列1264
2026-07-05 16:04:00,餐飲,錢包,265,TWD,配額列1265
2026-07-06 17:05:00,餐飲,錢包,266,TWD,配額列1266
2026-07-07 18:06:00,餐飲,錢包,267,TWD,配額列1267
2026-07-08 19:07:00,餐飲,錢包,268,TWD,配額列1268
2026-07-09 20:08:00,餐飲,錢包,269,TWD,配額列1269
2026-07-10 21:09:00,餐飲,錢包,270,TWD,配額列1270
2026-07-11 22:10:00,餐飲,錢包,271,TWD,配額列1271
2026-07-12 23:11:00,餐飲,錢包,272,TWD,配額列1272
2026-07-13 00:12:00,餐飲,錢包,273,TWD,配額列1273
2026-07-14 01:13:00,餐飲,錢包,274,TWD,配額列1274
2026-07-15 02:14:00,餐飲,錢包,275,TWD,配額列1275
2026-07-16 03:15:00,餐飲,錢包,276,TWD,配額列1276
2026-07-17 04:16:00,餐飲,錢包,277,TWD,配額列1277
2026-07-18 05:17:00,餐飲,錢包,278,TWD,配額列1278
2026-07-19 06:18:00,餐飲,錢包,279,TWD,配額列1279
2026-07-20 07:19:00,餐飲,錢包,280,TWD,配額列1280
2026-07-21 08:20:00,餐飲,錢包,281,TWD,配額列1281
2026-07-22 09:21:00,餐飲,錢包,282,TWD,配額列1282
2026-07-23 10:22:00,餐飲,錢包,283,TWD,配額列1283
2026-07-24 11:23:00,餐飲,錢包,284,TWD,配額列1284
2026-07-25 12:24:00,餐飲,錢包,285,TWD,配額列1285
2026-07-26 13:25:00,餐飲,錢包,286,TWD,配額列1286
2026-07-27 14:26:00,餐飲,錢包,287,TWD,配額列1287
2026-07-28 15:27:00,餐飲,錢包,288,TWD,配額列1288
2026-07-01 16:28:00,餐飲,錢包,289,TWD,配額列1289
2026-07-02 17:29:00,餐飲,錢包,290,TWD,配額列1290
2026-07-03 18:30:00,餐飲,錢包,291,TWD,配額列1291
2026-07-04 19:31:00,餐飲,錢包,292,TWD,配額列1292
2026-07-05 20:32:00,餐飲,錢包,293,TWD,配額列1293
2026-07-06 21:33:00,餐飲,錢包,294,TWD,配額列1294
2026-07-07 22:34:00,餐飲,錢包,295,TWD,配額列1295
2026-07-08 23:35:00,餐飲,錢包,296,TWD,配額列1296
2026-07-09 00:36:00,餐飲,錢包,297,TWD,配額列1297
2026-07-10 01:37:00,餐飲,錢包,298,TWD,配額列1298
2026-07-11 02:38:00,餐飲,錢包,299,TWD,配額列1299
2026-07-12 03:39:00,餐飲,錢包,300,TWD,配額列1300
2026-07-13 04:40:00,餐飲,錢包,301,TWD,配額列1301
2026-07-14 05:41:00,餐飲,錢包,302,TWD,配額列1302
2026-07-15 06:42:00,餐飲,錢包,303,TWD,配額列1303
2026-07-16 07:43:00,餐飲,錢包,304,TWD,配額列1304
2026-07-17 08:44:00,餐飲,錢包,305,TWD,配額列1305
2026-07-18 09:45:00,餐飲,錢包,306,TWD,配額列1306
2026-07-19 10:46:00,餐飲,錢包,307,TWD,配額列1307
2026-07-20 11:47:00,餐飲,錢包,308,TWD,配額列1308
2026-07-21 12:48:00,餐飲,錢包,309,TWD,配額列1309
2026-07-22 13:49:00,餐飲,錢包,310,TWD,配額列1310
2026-07-23 14:50:00,餐飲,錢包,311,TWD,配額列1311
2026-07-24 15:51:00,餐飲,錢包,312,TWD,配額列1312
2026-07-25 16:52:00,餐飲,錢包,313,TWD,配額列1313
2026-07-26 17:53:00,餐飲,錢包,314,TWD,配額列1314
2026-07-27 18:54:00,餐飲,錢包,315,TWD,配額列1315
2026-07-28 19:55:00,餐飲,錢包,316,TWD,配額列1316
2026-07-01 20:56:00,餐飲,錢包,317,TWD,配額列1317
2026-07-02 21:57:00,餐飲,錢包,318,TWD,配額列1318
2026-07-03 22:58:00,餐飲,錢包,319,TWD,配額列1319
2026-07-04 23:59:00,餐飲,錢包,320,TWD,配額列1320
2026-07-05 00:00:00,餐飲,錢包,321,TWD,配額列1321
2026-07-06 01:01:00,餐飲,錢包,322,TWD,配額列1322
2026-07-07 02:02:00,餐飲,錢包,323,TWD,配額列1323
2026-07-08 03:03:00,餐飲,錢包,324,TWD,配額列1324
2026-07-09 04:04:00,餐飲,錢包,325,TWD,配額列1325
2026-07-10 05:05:00,餐飲,錢包,326,TWD,配額列1326
2026-07-11 06:06:00,餐飲,錢包,327,TWD,配額列1327
2026-07-12 07:07:00,餐飲,錢包,328,TWD,配額列1328
2026-07-13 08:08:00,餐飲,錢包,329,TWD,配額列1329
2026-07-14 09:09:00,餐飲,錢包,330,TWD,配額列1330
2026-07-15 10:10:00,餐飲,錢包,331,TWD,配額列1331
2026-07-16 11:11:00,餐飲,錢包,332,TWD,配額列1332
2026-07-17 12:12:00,餐飲,錢包,333,TWD,配額列1333
2026-07-18 13:13:00,餐飲,錢包,334,TWD,配額列1334
2026-07-19 14:14:00,餐飲,錢包,335,TWD,配額列1335
2026-07-20 15:15:00,餐飲,錢包,336,TWD,配額列1336
2026-07-21 16:16:00,餐飲,錢包,337,TWD,配額列1337
2026-07-22 17:17:00,餐飲,錢包,338,TWD,配額列1338
2026-07-23 18:18:00,餐飲,錢包,339,TWD,配額列1339
2026-07-24 19:19:00,餐飲,錢包,340,TWD,配額列1340
2026-07-25 20:20:00,餐飲,錢包,341,TWD,配額列1341
2026-07-26 21:21:00,餐飲,錢包,342,TWD,配額列1342
2026-07-27 22:22:00,餐飲,錢包,343,TWD,配額列1343
2026-07-28 23:23:00,餐飲,錢包,344,TWD,配額列1344
2026-07-01 00:24:00,餐飲,錢包,345,TWD,配額列1345
2026-07-02 01:25:00,餐飲,錢包,346,TWD,配額列1346
2026-07-03 02:26:00,餐飲,錢包,347,TWD,配額列1347
2026-07-04 03:27:00,餐飲,錢包,348,TWD,配額列1348
2026-07-05 04:28:00,餐飲,錢包,349,TWD,配額列1349
2026-07-06 05:29:00,餐飲,錢包,350,TWD,配額列1350
2026-07-07 06:30:00,餐飲,錢包,351,TWD,配額列1351
2026-07-08 07:31:00,餐飲,錢包,352,TWD,配額列1352
2026-07-09 08:32:00,餐飲,錢包,353,TWD,配額列1353
2026-07-10 09:33:00,餐飲,錢包,354,TWD,配額列1354
2026-07-11 10:34:00,餐飲,錢包,355,TWD,配額列1355
2026-07-12 11:35:00,餐飲,錢包,356,TWD,配額列1356
2026-07-13 12:36:00,餐飲,錢包,357,TWD,配額列1357
2026-07-14 13:37:00,餐飲,錢包,358,TWD,配額列1358
2026-07-15 14:38:00,餐飲,錢包,359,TWD,配額列1359
2026-07-16 15:39:00,餐飲,錢包,360,TWD,配額列1360
2026-07-17 16:40:00,餐飲,錢包,361,TWD,配額列1361
2026-07-18 17:41:00,餐飲,錢包,362,TWD,配額列1362
2026-07-19 18:42:00,餐飲,錢包,363,TWD,配額列1363
2026-07-20 19:43:00,餐飲,錢包,364,TWD,配額列1364
2026-07-21 20:44:00,餐飲,錢包,365,TWD,配額列1365
2026-07-22 21:45:00,餐飲,錢包,366,TWD,配額列1366
2026-07-23 22:46:00,餐飲,錢包,367,TWD,配額列1367
2026-07-24 23:47:00,餐飲,錢包,368,TWD,配額列1368
2026-07-25 00:48:00,餐飲,錢包,369,TWD,配額列1369
2026-07-26 01:49:00,餐飲,錢包,370,TWD,配額列1370
2026-07-27 02:50:00,餐飲,錢包,371,TWD,配額列1371
2026-07-28 03:51:00,餐飲,錢包,372,TWD,配額列1372
2026-07-01 04:52:00,餐飲,錢包,373,TWD,配額列1373
2026-07-02 05:53:00,餐飲,錢包,374,TWD,配額列1374
2026-07-03 06:54:00,餐飲,錢包,375,TWD,配額列1375
2026-07-04 07:55:00,餐飲,錢包,376,TWD,配額列1376
2026-07-05 08:56:00,餐飲,錢包,377,TWD,配額列1377
2026-07-06 09:57:00,餐飲,錢包,378,TWD,配額列1378
2026-07-07 10:58:00,餐飲,錢包,379,TWD,配額列1379
2026-07-08 11:59:00,餐飲,錢包,380,TWD,配額列1380
2026-07-09 12:00:00,餐飲,錢包,381,TWD,配額列1381
2026-07-10 13:01:00,餐飲,錢包,382,TWD,配額列1382
2026-07-11 14:02:00,餐飲,錢包,383,TWD,配額列1383
2026-07-12 15:03:00,餐飲,錢包,384,TWD,配額列1384
2026-07-13 16:04:00,餐飲,錢包,385,TWD,配額列1385
2026-07-14 17:05:00,餐飲,錢包,386,TWD,配額列1386
2026-07-15 18:06:00,餐飲,錢包,387,TWD,配額列1387
2026-07-16 19:07:00,餐飲,錢包,388,TWD,配額列1388
2026-07-17 20:08:00,餐飲,錢包,389,TWD,配額列1389
2026-07-18 21:09:00,餐飲,錢包,390,TWD,配額列1390
2026-07-19 22:10:00,餐飲,錢包,391,TWD,配額列1391
2026-07-20 23:11:00,餐飲,錢包,392,TWD,配額列1392
2026-07-21 00:12:00,餐飲,錢包,393,TWD,配額列1393
2026-07-22 01:13:00,餐飲,錢包,394,TWD,配額列1394
2026-07-23 02:14:00,餐飲,錢包,395,TWD,配額列1395
2026-07-24 03:15:00,餐飲,錢包,396,TWD,配額列1396
2026-07-25 04:16:00,餐飲,錢包,397,TWD,配額列1397
2026-07-26 05:17:00,餐飲,錢包,398,TWD,配額列1398
2026-07-27 06:18:00,餐飲,錢包,399,TWD,配額列1399
2026-07-28 07:19:00,餐飲,錢包,400,TWD,配額列1400
2026-07-01 08:20:00,餐飲,錢包,401,TWD,配額列1401
2026-07-02 09:21:00,餐飲,錢包,402,TWD,配額列1402
2026-07-03 10:22:00,餐飲,錢包,403,TWD,配額列1403
2026-07-04 11:23:00,餐飲,錢包,404,TWD,配額列1404
2026-07-05 12:24:00,餐飲,錢包,405,TWD,配額列1405
2026-07-06 13:25:00,餐飲,錢包,406,TWD,配額列1406
2026-07-07 14:26:00,餐飲,錢包,407,TWD,配額列1407
2026-07-08 15:27:00,餐飲,錢包,408,TWD,配額列1408
2026-07-09 16:28:00,餐飲,錢包,409,TWD,配額列1409
2026-07-10 17:29:00,餐飲,錢包,410,TWD,配額列1410
2026-07-11 18:30:00,餐飲,錢包,411,TWD,配額列1411
2026-07-12 19:31:00,餐飲,錢包,412,TWD,配額列1412
2026-07-13 20:32:00,餐飲,錢包,413,TWD,配額列1413
2026-07-14 21:33:00,餐飲,錢包,414,TWD,配額列1414
2026-07-15 22:34:00,餐飲,錢包,415,TWD,配額列1415
2026-07-16 23:35:00,餐飲,錢包,416,TWD,配額列1416
2026-07-17 00:36:00,餐飲,錢包,417,TWD,配額列1417
2026-07-18 01:37:00,餐飲,錢包,418,TWD,配額列1418
2026-07-19 02:38:00,餐飲,錢包,419,TWD,配額列1419
2026-07-20 03:39:00,餐飲,錢包,420,TWD,配額列1420
2026-07-21 04:40:00,餐飲,錢包,421,TWD,配額列1421
2026-07-22 05:41:00,餐飲,錢包,422,TWD,配額列1422
2026-07-23 06:42:00,餐飲,錢包,423,TWD,配額列1423
2026-07-24 07:43:00,餐飲,錢包,424,TWD,配額列1424
2026-07-25 08:44:00,餐飲,錢包,425,TWD,配額列1425
2026-07-26 09:45:00,餐飲,錢包,426,TWD,配額列1426
2026-07-27 10:46:00,餐飲,錢包,427,TWD,配額列1427
2026-07-28 11:47:00,餐飲,錢包,428,TWD,配額列1428
2026-07-01 12:48:00,餐飲,錢包,429,TWD,配額列1429
2026-07-02 13:49:00,餐飲,錢包,430,TWD,配額列1430
2026-07-03 14:50:00,餐飲,錢包,431,TWD,配額列1431
2026-07-04 15:51:00,餐飲,錢包,432,TWD,配額列1432
2026-07-05 16:52:00,餐飲,錢包,433,TWD,配額列1433
2026-07-06 17:53:00,餐飲,錢包,434,TWD,配額列1434
2026-07-07 18:54:00,餐飲,錢包,435,TWD,配額列1435
2026-07-08 19:55:00,餐飲,錢包,436,TWD,配額列1436
2026-07-09 20:56:00,餐飲,錢包,437,TWD,配額列1437
2026-07-10 21:57:00,餐飲,錢包,438,TWD,配額列1438
2026-07-11 22:58:00,餐飲,錢包,439,TWD,配額列1439
2026-07-12 23:59:00,餐飲,錢包,440,TWD,配額列1440
2026-07-13 00:00:00,餐飲,錢包,441,TWD,配額列1441
2026-07-14 01:01:00,餐飲,錢包,442,TWD,配額列1442
2026-07-15 02:02:00,餐飲,錢包,443,TWD,配額列1443
2026-07-16 03:03:00,餐飲,錢包,444,TWD,配額列1444
2026-07-17 04:04:00,餐飲,錢包,445,TWD,配額列1445
2026-07-18 05:05:00,餐飲,錢包,446,TWD,配額列1446
2026-07-19 06:06:00,餐飲,錢包,447,TWD,配額列1447
2026-07-20 07:07:00,餐飲,錢包,448,TWD,配額列1448
2026-07-21 08:08:00,餐飲,錢包,449,TWD,配額列1449
2026-07-22 09:09:00,餐飲,錢包,450,TWD,配額列1450
2026-07-23 10:10:00,餐飲,錢包,451,TWD,配額列1451
2026-07-24 11:11:00,餐飲,錢包,452,TWD,配額列1452
2026-07-25 12:12:00,餐飲,錢包,453,TWD,配額列1453
2026-07-26 13:13:00,餐飲,錢包,454,TWD,配額列1454
2026-07-27 14:14:00,餐飲,錢包,455,TWD,配額列1455
2026-07-28 15:15:00,餐飲,錢包,456,TWD,配額列1456
2026-07-01 16:16:00,餐飲,錢包,457,TWD,配額列1457
2026-07-02 17:17:00,餐飲,錢包,458,TWD,配額列1458
2026-07-03 18:18:00,餐飲,錢包,459,TWD,配額列1459
2026-07-04 19:19:00,餐飲,錢包,460,TWD,配額列1460
2026-07-05 20:20:00,餐飲,錢包,461,TWD,配額列1461
2026-07-06 21:21:00,餐飲,錢包,462,TWD,配額列1462
2026-07-07 22:22:00,餐飲,錢包,463,TWD,配額列1463
2026-07-08 23:23:00,餐飲,錢包,464,TWD,配額列1464
2026-07-09 00:24:00,餐飲,錢包,465,TWD,配額列1465
2026-07-10 01:25:00,餐飲,錢包,466,TWD,配額列1466
2026-07-11 02:26:00,餐飲,錢包,467,TWD,配額列1467
2026-07-12 03:27:00,餐飲,錢包,468,TWD,配額列1468
2026-07-13 04:28:00,餐飲,錢包,469,TWD,配額列1469
2026-07-14 05:29:00,餐飲,錢包,470,TWD,配額列1470
2026-07-15 06:30:00,餐飲,錢包,471,TWD,配額列1471
2026-07-16 07:31:00,餐飲,錢包,472,TWD,配額列1472
2026-07-17 08:32:00,餐飲,錢包,473,TWD,配額列1473
2026-07-18 09:33:00,餐飲,錢包,474,TWD,配額列1474
2026-07-19 10:34:00,餐飲,錢包,475,TWD,配額列1475
2026-07-20 11:35:00,餐飲,錢包,476,TWD,配額列1476
2026-07-21 12:36:00,餐飲,錢包,477,TWD,配額列1477
2026-07-22 13:37:00,餐飲,錢包,478,TWD,配額列1478
2026-07-23 14:38:00,餐飲,錢包,479,TWD,配額列1479
2026-07-24 15:39:00,餐飲,錢包,480,TWD,配額列1480
2026-07-25 16:40:00,餐飲,錢包,481,TWD,配額列1481
2026-07-26 17:41:00,餐飲,錢包,482,TWD,配額列1482
2026-07-27 18:42:00,餐飲,錢包,483,TWD,配額列1483
2026-07-28 19:43:00,餐飲,錢包,484,TWD,配額列1484
2026-07-01 20:44:00,餐飲,錢包,485,TWD,配額列1485
2026-07-02 21:45:00,餐飲,錢包,486,TWD,配額列1486
2026-07-03 22:46:00,餐飲,錢包,487,TWD,配額列1487
2026-07-04 23:47:00,餐飲,錢包,488,TWD,配額列1488
2026-07-05 00:48:00,餐飲,錢包,489,TWD,配額列1489
2026-07-06 01:49:00,餐飲,錢包,490,TWD,配額列1490
2026-07-07 02:50:00,餐飲,錢包,491,TWD,配額列1491
2026-07-08 03:51:00,餐飲,錢包,492,TWD,配額列1492
2026-07-09 04:52:00,餐飲,錢包,493,TWD,配額列1493
2026-07-10 05:53:00,餐飲,錢包,494,TWD,配額列1494
2026-07-11 06:54:00,餐飲,錢包,495,TWD,配額列1495
2026-07-12 07:55:00,餐飲,錢包,496,TWD,配額列1496
2026-07-13 08:56:00,餐飲,錢包,497,TWD,配額列1497
2026-07-14 09:57:00,餐飲,錢包,498,TWD,配額列1498
2026-07-15 10:58:00,餐飲,錢包,499,TWD,配額列1499
2026-07-16 11:59:00,餐飲,錢包,500,TWD,配額列1500
2026-07-17 12:00:00,餐飲,錢包,1,TWD,配額列1501
2026-07-18 13:01:00,餐飲,錢包,2,TWD,配額列1502
2026-07-19 14:02:00,餐飲,錢包,3,TWD,配額列1503
2026-07-20 15:03:00,餐飲,錢包,4,TWD,配額列1504
2026-07-21 16:04:00,餐飲,錢包,5,TWD,配額列1505
2026-07-22 17:05:00,餐飲,錢包,6,TWD,配額列1506
2026-07-23 18:06:00,餐飲,錢包,7,TWD,配額列1507
2026-07-24 19:07:00,餐飲,錢包,8,TWD,配額列1508
2026-07-25 20:08:00,餐飲,錢包,9,TWD,配額列1509
2026-07-26 21:09:00,餐飲,錢包,10,TWD,配額列1510
2026-07-27 22:10:00,餐飲,錢包,11,TWD,配額列1511
2026-07-28 23:11:00,餐飲,錢包,12,TWD,配額列1512
2026-07-01 00:12:00,餐飲,錢包,13,TWD,配額列1513
2026-07-02 01:13:00,餐飲,錢包,14,TWD,配額列1514
2026-07-03 02:14:00,餐飲,錢包,15,TWD,配額列1515
2026-07-04 03:15:00,餐飲,錢包,16,TWD,配額列1516
2026-07-05 04:16:00,餐飲,錢包,17,TWD,配額列1517
2026-07-06 05:17:00,餐飲,錢包,18,TWD,配額列1518
2026-07-07 06:18:00,餐飲,錢包,19,TWD,配額列1519
2026-07-08 07:19:00,餐飲,錢包,20,TWD,配額列1520
2026-07-09 08:20:00,餐飲,錢包,21,TWD,配額列1521
2026-07-10 09:21:00,餐飲,錢包,22,TWD,配額列1522
2026-07-11 10:22:00,餐飲,錢包,23,TWD,配額列1523
2026-07-12 11:23:00,餐飲,錢包,24,TWD,配額列1524
2026-07-13 12:24:00,餐飲,錢包,25,TWD,配額列1525
2026-07-14 13:25:00,餐飲,錢包,26,TWD,配額列1526
2026-07-15 14:26:00,餐飲,錢包,27,TWD,配額列1527
2026-07-16 15:27:00,餐飲,錢包,28,TWD,配額列1528
2026-07-17 16:28:00,餐飲,錢包,29,TWD,配額列1529
2026-07-18 17:29:00,餐飲,錢包,30,TWD,配額列1530
2026-07-19 18:30:00,餐飲,錢包,31,TWD,配額列1531
2026-07-20 19:31:00,餐飲,錢包,32,TWD,配額列1532
2026-07-21 20:32:00,餐飲,錢包,33,TWD,配額列1533
2026-07-22 21:33:00,餐飲,錢包,34,TWD,配額列1534
2026-07-23 22:34:00,餐飲,錢包,35,TWD,配額列1535
2026-07-24 23:35:00,餐飲,錢包,36,TWD,配額列1536
2026-07-25 00:36:00,餐飲,錢包,37,TWD,配額列1537
2026-07-26 01:37:00,餐飲,錢包,38,TWD,配額列1538
2026-07-27 02:38:00,餐飲,錢包,39,TWD,配額列1539
2026-07-28 03:39:00,餐飲,錢包,40,TWD,配額列1540
2026-07-01 04:40:00,餐飲,錢包,41,TWD,配額列1541
2026-07-02 05:41:00,餐飲,錢包,42,TWD,配額列1542
2026-07-03 06:42:00,餐飲,錢包,43,TWD,配額列1543
2026-07-04 07:43:00,餐飲,錢包,44,TWD,配額列1544
2026-07-05 08:44:00,餐飲,錢包,45,TWD,配額列1545
2026-07-06 09:45:00,餐飲,錢包,46,TWD,配額列1546
2026-07-07 10:46:00,餐飲,錢包,47,TWD,配額列1547
2026-07-08 11:47:00,餐飲,錢包,48,TWD,配額列1548
2026-07-09 12:48:00,餐飲,錢包,49,TWD,配額列1549
2026-07-10 13:49:00,餐飲,錢包,50,TWD,配額列1550
2026-07-11 14:50:00,餐飲,錢包,51,TWD,配額列1551
2026-07-12 15:51:00,餐飲,錢包,52,TWD,配額列1552
2026-07-13 16:52:00,餐飲,錢包,53,TWD,配額列1553
2026-07-14 17:53:00,餐飲,錢包,54,TWD,配額列1554
2026-07-15 18:54:00,餐飲,錢包,55,TWD,配額列1555
2026-07-16 19:55:00,餐飲,錢包,56,TWD,配額列1556
2026-07-17 20:56:00,餐飲,錢包,57,TWD,配額列1557
2026-07-18 21:57:00,餐飲,錢包,58,TWD,配額列1558
2026-07-19 22:58:00,餐飲,錢包,59,TWD,配額列1559
2026-07-20 23:59:00,餐飲,錢包,60,TWD,配額列1560
2026-07-21 00:00:00,餐飲,錢包,61,TWD,配額列1561
2026-07-22 01:01:00,餐飲,錢包,62,TWD,配額列1562
2026-07-23 02:02:00,餐飲,錢包,63,TWD,配額列1563
2026-07-24 03:03:00,餐飲,錢包,64,TWD,配額列1564
2026-07-25 04:04:00,餐飲,錢包,65,TWD,配額列1565
2026-07-26 05:05:00,餐飲,錢包,66,TWD,配額列1566
2026-07-27 06:06:00,餐飲,錢包,67,TWD,配額列1567
2026-07-28 07:07:00,餐飲,錢包,68,TWD,配額列1568
2026-07-01 08:08:00,餐飲,錢包,69,TWD,配額列1569
2026-07-02 09:09:00,餐飲,錢包,70,TWD,配額列1570
2026-07-03 10:10:00,餐飲,錢包,71,TWD,配額列1571
2026-07-04 11:11:00,餐飲,錢包,72,TWD,配額列1572
2026-07-05 12:12:00,餐飲,錢包,73,TWD,配額列1573
2026-07-06 13:13:00,餐飲,錢包,74,TWD,配額列1574
2026-07-07 14:14:00,餐飲,錢包,75,TWD,配額列1575
2026-07-08 15:15:00,餐飲,錢包,76,TWD,配額列1576
2026-07-09 16:16:00,餐飲,錢包,77,TWD,配額列1577
2026-07-10 17:17:00,餐飲,錢包,78,TWD,配額列1578
2026-07-11 18:18:00,餐飲,錢包,79,TWD,配額列1579
2026-07-12 19:19:00,餐飲,錢包,80,TWD,配額列1580
2026-07-13 20:20:00,餐飲,錢包,81,TWD,配額列1581
2026-07-14 21:21:00,餐飲,錢包,82,TWD,配額列1582
2026-07-15 22:22:00,餐飲,錢包,83,TWD,配額列1583
2026-07-16 23:23:00,餐飲,錢包,84,TWD,配額列1584
2026-07-17 00:24:00,餐飲,錢包,85,TWD,配額列1585
2026-07-18 01:25:00,餐飲,錢包,86,TWD,配額列1586
2026-07-19 02:26:00,餐飲,錢包,87,TWD,配額列1587
2026-07-20 03:27:00,餐飲,錢包,88,TWD,配額列1588
2026-07-21 04:28:00,餐飲,錢包,89,TWD,配額列1589
2026-07-22 05:29:00,餐飲,錢包,90,TWD,配額列1590
2026-07-23 06:30:00,餐飲,錢包,91,TWD,配額列1591
2026-07-24 07:31:00,餐飲,錢包,92,TWD,配額列1592
2026-07-25 08:32:00,餐飲,錢包,93,TWD,配額列1593
2026-07-26 09:33:00,餐飲,錢包,94,TWD,配額列1594
2026-07-27 10:34:00,餐飲,錢包,95,TWD,配額列1595
2026-07-28 11:35:00,餐飲,錢包,96,TWD,配額列1596
2026-07-01 12:36:00,餐飲,錢包,97,TWD,配額列1597
2026-07-02 13:37:00,餐飲,錢包,98,TWD,配額列1598
2026-07-03 14:38:00,餐飲,錢包,99,TWD,配額列1599
2026-07-04 15:39:00,餐飲,錢包,100,TWD,配額列1600
2026-07-05 16:40:00,餐飲,錢包,101,TWD,配額列1601
2026-07-06 17:41:00,餐飲,錢包,102,TWD,配額列1602
2026-07-07 18:42:00,餐飲,錢包,103,TWD,配額列1603
2026-07-08 19:43:00,餐飲,錢包,104,TWD,配額列1604
2026-07-09 20:44:00,餐飲,錢包,105,TWD,配額列1605
2026-07-10 21:45:00,餐飲,錢包,106,TWD,配額列1606
2026-07-11 22:46:00,餐飲,錢包,107,TWD,配額列1607
2026-07-12 23:47:00,餐飲,錢包,108,TWD,配額列1608
2026-07-13 00:48:00,餐飲,錢包,109,TWD,配額列1609
2026-07-14 01:49:00,餐飲,錢包,110,TWD,配額列1610
2026-07-15 02:50:00,餐飲,錢包,111,TWD,配額列1611
2026-07-16 03:51:00,餐飲,錢包,112,TWD,配額列1612
2026-07-17 04:52:00,餐飲,錢包,113,TWD,配額列1613
2026-07-18 05:53:00,餐飲,錢包,114,TWD,配額列1614
2026-07-19 06:54:00,餐飲,錢包,115,TWD,配額列1615
2026-07-20 07:55:00,餐飲,錢包,116,TWD,配額列1616
2026-07-21 08:56:00,餐飲,錢包,117,TWD,配額列1617
2026-07-22 09:57:00,餐飲,錢包,118,TWD,配額列1618
2026-07-23 10:58:00,餐飲,錢包,119,TWD,配額列1619
2026-07-24 11:59:00,餐飲,錢包,120,TWD,配額列1620
2026-07-25 12:00:00,餐飲,錢包,121,TWD,配額列1621
2026-07-26 13:01:00,餐飲,錢包,122,TWD,配額列1622
2026-07-27 14:02:00,餐飲,錢包,123,TWD,配額列1623
2026-07-28 15:03:00,餐飲,錢包,124,TWD,配額列1624
2026-07-01 16:04:00,餐飲,錢包,125,TWD,配額列1625
2026-07-02 17:05:00,餐飲,錢包,126,TWD,配額列1626
2026-07-03 18:06:00,餐飲,錢包,127,TWD,配額列1627
2026-07-04 19:07:00,餐飲,錢包,128,TWD,配額列1628
2026-07-05 20:08:00,餐飲,錢包,129,TWD,配額列1629
2026-07-06 21:09:00,餐飲,錢包,130,TWD,配額列1630
2026-07-07 22:10:00,餐飲,錢包,131,TWD,配額列1631
2026-07-08 23:11:00,餐飲,錢包,132,TWD,配額列1632
2026-07-09 00:12:00,餐飲,錢包,133,TWD,配額列1633
2026-07-10 01:13:00,餐飲,錢包,134,TWD,配額列1634
2026-07-11 02:14:00,餐飲,錢包,135,TWD,配額列1635
2026-07-12 03:15:00,餐飲,錢包,136,TWD,配額列1636
2026-07-13 04:16:00,餐飲,錢包,137,TWD,配額列1637
2026-07-14 05:17:00,餐飲,錢包,138,TWD,配額列1638
2026-07-15 06:18:00,餐飲,錢包,139,TWD,配額列1639
2026-07-16 07:19:00,餐飲,錢包,140,TWD,配額列1640
2026-07-17 08:20:00,餐飲,錢包,141,TWD,配額列1641
2026-07-18 09:21:00,餐飲,錢包,142,TWD,配額列1642
2026-07-19 10:22:00,餐飲,錢包,143,TWD,配額列1643
2026-07-20 11:23:00,餐飲,錢包,144,TWD,配額列1644
2026-07-21 12:24:00,餐飲,錢包,145,TWD,配額列1645
2026-07-22 13:25:00,餐飲,錢包,146,TWD,配額列1646
2026-07-23 14:26:00,餐飲,錢包,147,TWD,配額列1647
2026-07-24 15:27:00,餐飲,錢包,148,TWD,配額列1648
2026-07-25 16:28:00,餐飲,錢包,149,TWD,配額列1649
2026-07-26 17:29:00,餐飲,錢包,150,TWD,配額列1650
2026-07-27 18:30:00,餐飲,錢包,151,TWD,配額列1651
2026-07-28 19:31:00,餐飲,錢包,152,TWD,配額列1652
2026-07-01 20:32:00,餐飲,錢包,153,TWD,配額列1653
2026-07-02 21:33:00,餐飲,錢包,154,TWD,配額列1654
2026-07-03 22:34:00,餐飲,錢包,155,TWD,配額列1655
2026-07-04 23:35:00,餐飲,錢包,156,TWD,配額列1656
2026-07-05 00:36:00,餐飲,錢包,157,TWD,配額列1657
2026-07-06 01:37:00,餐飲,錢包,158,TWD,配額列1658
2026-07-07 02:38:00,餐飲,錢包,159,TWD,配額列1659
2026-07-08 03:39:00,餐飲,錢包,160,TWD,配額列1660
2026-07-09 04:40:00,餐飲,錢包,161,TWD,配額列1661
2026-07-10 05:41:00,餐飲,錢包,162,TWD,配額列1662
2026-07-11 06:42:00,餐飲,錢包,163,TWD,配額列1663
2026-07-12 07:43:00,餐飲,錢包,164,TWD,配額列1664
2026-07-13 08:44:00,餐飲,錢包,165,TWD,配額列1665
2026-07-14 09:45:00,餐飲,錢包,166,TWD,配額列1666
2026-07-15 10:46:00,餐飲,錢包,167,TWD,配額列1667
2026-07-16 11:47:00,餐飲,錢包,168,TWD,配額列1668
2026-07-17 12:48:00,餐飲,錢包,169,TWD,配額列1669
2026-07-18 13:49:00,餐飲,錢包,170,TWD,配額列1670
2026-07-19 14:50:00,餐飲,錢包,171,TWD,配額列1671
2026-07-20 15:51:00,餐飲,錢包,172,TWD,配額列1672
2026-07-21 16:52:00,餐飲,錢包,173,TWD,配額列1673
2026-07-22 17:53:00,餐飲,錢包,174,TWD,配額列1674
2026-07-23 18:54:00,餐飲,錢包,175,TWD,配額列1675
2026-07-24 19:55:00,餐飲,錢包,176,TWD,配額列1676
2026-07-25 20:56:00,餐飲,錢包,177,TWD,配額列1677
2026-07-26 21:57:00,餐飲,錢包,178,TWD,配額列1678
2026-07-27 22:58:00,餐飲,錢包,179,TWD,配額列1679
2026-07-28 23:59:00,餐飲,錢包,180,TWD,配額列1680
2026-07-01 00:00:00,餐飲,錢包,181,TWD,配額列1681
2026-07-02 01:01:00,餐飲,錢包,182,TWD,配額列1682
2026-07-03 02:02:00,餐飲,錢包,183,TWD,配額列1683
2026-07-04 03:03:00,餐飲,錢包,184,TWD,配額列1684
2026-07-05 04:04:00,餐飲,錢包,185,TWD,配額列1685
2026-07-06 05:05:00,餐飲,錢包,186,TWD,配額列1686
2026-07-07 06:06:00,餐飲,錢包,187,TWD,配額列1687
2026-07-08 07:07:00,餐飲,錢包,188,TWD,配額列1688
2026-07-09 08:08:00,餐飲,錢包,189,TWD,配額列1689
2026-07-10 09:09:00,餐飲,錢包,190,TWD,配額列1690
2026-07-11 10:10:00,餐飲,錢包,191,TWD,配額列1691
2026-07-12 11:11:00,餐飲,錢包,192,TWD,配額列1692
2026-07-13 12:12:00,餐飲,錢包,193,TWD,配額列1693
2026-07-14 13:13:00,餐飲,錢包,194,TWD,配額列1694
2026-07-15 14:14:00,餐飲,錢包,195,TWD,配額列1695
2026-07-16 15:15:00,餐飲,錢包,196,TWD,配額列1696
2026-07-17 16:16:00,餐飲,錢包,197,TWD,配額列1697
2026-07-18 17:17:00,餐飲,錢包,198,TWD,配額列1698
2026-07-19 18:18:00,餐飲,錢包,199,TWD,配額列1699
2026-07-20 19:19:00,餐飲,錢包,200,TWD,配額列1700
2026-07-21 20:20:00,餐飲,錢包,201,TWD,配額列1701
2026-07-22 21:21:00,餐飲,錢包,202,TWD,配額列1702
2026-07-23 22:22:00,餐飲,錢包,203,TWD,配額列1703
2026-07-24 23:23:00,餐飲,錢包,204,TWD,配額列1704
2026-07-25 00:24:00,餐飲,錢包,205,TWD,配額列1705
2026-07-26 01:25:00,餐飲,錢包,206,TWD,配額列1706
2026-07-27 02:26:00,餐飲,錢包,207,TWD,配額列1707
2026-07-28 03:27:00,餐飲,錢包,208,TWD,配額列1708
2026-07-01 04:28:00,餐飲,錢包,209,TWD,配額列1709
2026-07-02 05:29:00,餐飲,錢包,210,TWD,配額列1710
2026-07-03 06:30:00,餐飲,錢包,211,TWD,配額列1711
2026-07-04 07:31:00,餐飲,錢包,212,TWD,配額列1712
2026-07-05 08:32:00,餐飲,錢包,213,TWD,配額列1713
2026-07-06 09:33:00,餐飲,錢包,214,TWD,配額列1714
2026-07-07 10:34:00,餐飲,錢包,215,TWD,配額列1715
2026-07-08 11:35:00,餐飲,錢包,216,TWD,配額列1716
2026-07-09 12:36:00,餐飲,錢包,217,TWD,配額列1717
2026-07-10 13:37:00,餐飲,錢包,218,TWD,配額列1718
2026-07-11 14:38:00,餐飲,錢包,219,TWD,配額列1719
2026-07-12 15:39:00,餐飲,錢包,220,TWD,配額列1720
2026-07-13 16:40:00,餐飲,錢包,221,TWD,配額列1721
2026-07-14 17:41:00,餐飲,錢包,222,TWD,配額列1722
2026-07-15 18:42:00,餐飲,錢包,223,TWD,配額列1723
2026-07-16 19:43:00,餐飲,錢包,224,TWD,配額列1724
2026-07-17 20:44:00,餐飲,錢包,225,TWD,配額列1725
2026-07-18 21:45:00,餐飲,錢包,226,TWD,配額列1726
2026-07-19 22:46:00,餐飲,錢包,227,TWD,配額列1727
2026-07-20 23:47:00,餐飲,錢包,228,TWD,配額列1728
2026-07-21 00:48:00,餐飲,錢包,229,TWD,配額列1729
2026-07-22 01:49:00,餐飲,錢包,230,TWD,配額列1730
2026-07-23 02:50:00,餐飲,錢包,231,TWD,配額列1731
2026-07-24 03:51:00,餐飲,錢包,232,TWD,配額列1732
2026-07-25 04:52:00,餐飲,錢包,233,TWD,配額列1733
2026-07-26 05:53:00,餐飲,錢包,234,TWD,配額列1734
2026-07-27 06:54:00,餐飲,錢包,235,TWD,配額列1735
2026-07-28 07:55:00,餐飲,錢包,236,TWD,配額列1736
2026-07-01 08:56:00,餐飲,錢包,237,TWD,配額列1737
2026-07-02 09:57:00,餐飲,錢包,238,TWD,配額列1738
2026-07-03 10:58:00,餐飲,錢包,239,TWD,配額列1739
2026-07-04 11:59:00,餐飲,錢包,240,TWD,配額列1740
2026-07-05 12:00:00,餐飲,錢包,241,TWD,配額列1741
2026-07-06 13:01:00,餐飲,錢包,242,TWD,配額列1742
2026-07-07 14:02:00,餐飲,錢包,243,TWD,配額列1743
2026-07-08 15:03:00,餐飲,錢包,244,TWD,配額列1744
2026-07-09 16:04:00,餐飲,錢包,245,TWD,配額列1745
2026-07-10 17:05:00,餐飲,錢包,246,TWD,配額列1746
2026-07-11 18:06:00,餐飲,錢包,247,TWD,配額列1747
2026-07-12 19:07:00,餐飲,錢包,248,TWD,配額列1748
2026-07-13 20:08:00,餐飲,錢包,249,TWD,配額列1749
2026-07-14 21:09:00,餐飲,錢包,250,TWD,配額列1750
2026-07-15 22:10:00,餐飲,錢包,251,TWD,配額列1751
2026-07-16 23:11:00,餐飲,錢包,252,TWD,配額列1752
2026-07-17 00:12:00,餐飲,錢包,253,TWD,配額列1753
2026-07-18 01:13:00,餐飲,錢包,254,TWD,配額列1754
2026-07-19 02:14:00,餐飲,錢包,255,TWD,配額列1755
2026-07-20 03:15:00,餐飲,錢包,256,TWD,配額列1756
2026-07-21 04:16:00,餐飲,錢包,257,TWD,配額列1757
2026-07-22 05:17:00,餐飲,錢包,258,TWD,配額列1758
2026-07-23 06:18:00,餐飲,錢包,259,TWD,配額列1759
2026-07-24 07:19:00,餐飲,錢包,260,TWD,配額列1760
2026-07-25 08:20:00,餐飲,錢包,261,TWD,配額列1761
2026-07-26 09:21:00,餐飲,錢包,262,TWD,配額列1762
2026-07-27 10:22:00,餐飲,錢包,263,TWD,配額列1763
2026-07-28 11:23:00,餐飲,錢包,264,TWD,配額列1764
2026-07-01 12:24:00,餐飲,錢包,265,TWD,配額列1765
2026-07-02 13:25:00,餐飲,錢包,266,TWD,配額列1766
2026-07-03 14:26:00,餐飲,錢包,267,TWD,配額列1767
2026-07-04 15:27:00,餐飲,錢包,268,TWD,配額列1768
2026-07-05 16:28:00,餐飲,錢包,269,TWD,配額列1769
2026-07-06 17:29:00,餐飲,錢包,270,TWD,配額列1770
2026-07-07 18:30:00,餐飲,錢包,271,TWD,配額列1771
2026-07-08 19:31:00,餐飲,錢包,272,TWD,配額列1772
2026-07-09 20:32:00,餐飲,錢包,273,TWD,配額列1773
2026-07-10 21:33:00,餐飲,錢包,274,TWD,配額列1774
2026-07-11 22:34:00,餐飲,錢包,275,TWD,配額列1775
2026-07-12 23:35:00,餐飲,錢包,276,TWD,配額列1776
2026-07-13 00:36:00,餐飲,錢包,277,TWD,配額列1777
2026-07-14 01:37:00,餐飲,錢包,278,TWD,配額列1778
2026-07-15 02:38:00,餐飲,錢包,279,TWD,配額列1779
2026-07-16 03:39:00,餐飲,錢包,280,TWD,配額列1780
2026-07-17 04:40:00,餐飲,錢包,281,TWD,配額列1781
2026-07-18 05:41:00,餐飲,錢包,282,TWD,配額列1782
2026-07-19 06:42:00,餐飲,錢包,283,TWD,配額列1783
2026-07-20 07:43:00,餐飲,錢包,284,TWD,配額列1784
2026-07-21 08:44:00,餐飲,錢包,285,TWD,配額列1785
2026-07-22 09:45:00,餐飲,錢包,286,TWD,配額列1786
2026-07-23 10:46:00,餐飲,錢包,287,TWD,配額列1787
2026-07-24 11:47:00,餐飲,錢包,288,TWD,配額列1788
2026-07-25 12:48:00,餐飲,錢包,289,TWD,配額列1789
2026-07-26 13:49:00,餐飲,錢包,290,TWD,配額列1790
2026-07-27 14:50:00,餐飲,錢包,291,TWD,配額列1791
2026-07-28 15:51:00,餐飲,錢包,292,TWD,配額列1792
2026-07-01 16:52:00,餐飲,錢包,293,TWD,配額列1793
2026-07-02 17:53:00,餐飲,錢包,294,TWD,配額列1794
2026-07-03 18:54:00,餐飲,錢包,295,TWD,配額列1795
2026-07-04 19:55:00,餐飲,錢包,296,TWD,配額列1796
2026-07-05 20:56:00,餐飲,錢包,297,TWD,配額列1797
2026-07-06 21:57:00,餐飲,錢包,298,TWD,配額列1798
2026-07-07 22:58:00,餐飲,錢包,299,TWD,配額列1799
2026-07-08 23:59:00,餐飲,錢包,300,TWD,配額列1800
2026-07-09 00:00:00,餐飲,錢包,301,TWD,配額列1801
2026-07-10 01:01:00,餐飲,錢包,302,TWD,配額列1802
2026-07-11 02:02:00,餐飲,錢包,303,TWD,配額列1803
2026-07-12 03:03:00,餐飲,錢包,304,TWD,配額列1804
2026-07-13 04:04:00,餐飲,錢包,305,TWD,配額列1805
2026-07-14 05:05:00,餐飲,錢包,306,TWD,配額列1806
2026-07-15 06:06:00,餐飲,錢包,307,TWD,配額列1807
2026-07-16 07:07:00,餐飲,錢包,308,TWD,配額列1808
2026-07-17 08:08:00,餐飲,錢包,309,TWD,配額列1809
2026-07-18 09:09:00,餐飲,錢包,310,TWD,配額列1810
2026-07-19 10:10:00,餐飲,錢包,311,TWD,配額列1811
2026-07-20 11:11:00,餐飲,錢包,312,TWD,配額列1812
2026-07-21 12:12:00,餐飲,錢包,313,TWD,配額列1813
2026-07-22 13:13:00,餐飲,錢包,314,TWD,配額列1814
2026-07-23 14:14:00,餐飲,錢包,315,TWD,配額列1815
2026-07-24 15:15:00,餐飲,錢包,316,TWD,配額列1816
2026-07-25 16:16:00,餐飲,錢包,317,TWD,配額列1817
2026-07-26 17:17:00,餐飲,錢包,318,TWD,配額列1818
2026-07-27 18:18:00,餐飲,錢包,319,TWD,配額列1819
2026-07-28 19:19:00,餐飲,錢包,320,TWD,配額列1820
2026-07-01 20:20:00,餐飲,錢包,321,TWD,配額列1821
2026-07-02 21:21:00,餐飲,錢包,322,TWD,配額列1822
2026-07-03 22:22:00,餐飲,錢包,323,TWD,配額列1823
2026-07-04 23:23:00,餐飲,錢包,324,TWD,配額列1824
2026-07-05 00:24:00,餐飲,錢包,325,TWD,配額列1825
2026-07-06 01:25:00,餐飲,錢包,326,TWD,配額列1826
2026-07-07 02:26:00,餐飲,錢包,327,TWD,配額列1827
2026-07-08 03:27:00,餐飲,錢包,328,TWD,配額列1828
2026-07-09 04:28:00,餐飲,錢包,329,TWD,配額列1829
2026-07-10 05:29:00,餐飲,錢包,330,TWD,配額列1830
2026-07-11 06:30:00,餐飲,錢包,331,TWD,配額列1831
2026-07-12 07:31:00,餐飲,錢包,332,TWD,配額列1832
2026-07-13 08:32:00,餐飲,錢包,333,TWD,配額列1833
2026-07-14 09:33:00,餐飲,錢包,334,TWD,配額列1834
2026-07-15 10:34:00,餐飲,錢包,335,TWD,配額列1835
2026-07-16 11:35:00,餐飲,錢包,336,TWD,配額列1836
2026-07-17 12:36:00,餐飲,錢包,337,TWD,配額列1837
2026-07-18 13:37:00,餐飲,錢包,338,TWD,配額列1838
2026-07-19 14:38:00,餐飲,錢包,339,TWD,配額列1839
2026-07-20 15:39:00,餐飲,錢包,340,TWD,配額列1840
2026-07-21 16:40:00,餐飲,錢包,341,TWD,配額列1841
2026-07-22 17:41:00,餐飲,錢包,342,TWD,配額列1842
2026-07-23 18:42:00,餐飲,錢包,343,TWD,配額列1843
2026-07-24 19:43:00,餐飲,錢包,344,TWD,配額列1844
2026-07-25 20:44:00,餐飲,錢包,345,TWD,配額列1845
2026-07-26 21:45:00,餐飲,錢包,346,TWD,配額列1846
2026-07-27 22:46:00,餐飲,錢包,347,TWD,配額列1847
2026-07-28 23:47:00,餐飲,錢包,348,TWD,配額列1848
2026-07-01 00:48:00,餐飲,錢包,349,TWD,配額列1849
2026-07-02 01:49:00,餐飲,錢包,350,TWD,配額列1850
2026-07-03 02:50:00,餐飲,錢包,351,TWD,配額列1851
2026-07-04 03:51:00,餐飲,錢包,352,TWD,配額列1852
2026-07-05 04:52:00,餐飲,錢包,353,TWD,配額列1853
2026-07-06 05:53:00,餐飲,錢包,354,TWD,配額列1854
2026-07-07 06:54:00,餐飲,錢包,355,TWD,配額列1855
2026-07-08 07:55:00,餐飲,錢包,356,TWD,配額列1856
2026-07-09 08:56:00,餐飲,錢包,357,TWD,配額列1857
2026-07-10 09:57:00,餐飲,錢包,358,TWD,配額列1858
2026-07-11 10:58:00,餐飲,錢包,359,TWD,配額列1859
2026-07-12 11:59:00,餐飲,錢包,360,TWD,配額列1860
2026-07-13 12:00:00,餐飲,錢包,361,TWD,配額列1861
2026-07-14 13:01:00,餐飲,錢包,362,TWD,配額列1862
2026-07-15 14:02:00,餐飲,錢包,363,TWD,配額列1863
2026-07-16 15:03:00,餐飲,錢包,364,TWD,配額列1864
2026-07-17 16:04:00,餐飲,錢包,365,TWD,配額列1865
2026-07-18 17:05:00,餐飲,錢包,366,TWD,配額列1866
2026-07-19 18:06:00,餐飲,錢包,367,TWD,配額列1867
2026-07-20 19:07:00,餐飲,錢包,368,TWD,配額列1868
2026-07-21 20:08:00,餐飲,錢包,369,TWD,配額列1869
2026-07-22 21:09:00,餐飲,錢包,370,TWD,配額列1870
2026-07-23 22:10:00,餐飲,錢包,371,TWD,配額列1871
2026-07-24 23:11:00,餐飲,錢包,372,TWD,配額列1872
2026-07-25 00:12:00,餐飲,錢包,373,TWD,配額列1873
2026-07-26 01:13:00,餐飲,錢包,374,TWD,配額列1874
2026-07-27 02:14:00,餐飲,錢包,375,TWD,配額列1875
2026-07-28 03:15:00,餐飲,錢包,376,TWD,配額列1876
2026-07-01 04:16:00,餐飲,錢包,377,TWD,配額列1877
2026-07-02 05:17:00,餐飲,錢包,378,TWD,配額列1878
2026-07-03 06:18:00,餐飲,錢包,379,TWD,配額列1879
2026-07-04 07:19:00,餐飲,錢包,380,TWD,配額列1880
2026-07-05 08:20:00,餐飲,錢包,381,TWD,配額列1881
2026-07-06 09:21:00,餐飲,錢包,382,TWD,配額列1882
2026-07-07 10:22:00,餐飲,錢包,383,TWD,配額列1883
2026-07-08 11:23:00,餐飲,錢包,384,TWD,配額列1884
2026-07-09 12:24:00,餐飲,錢包,385,TWD,配額列1885
2026-07-10 13:25:00,餐飲,錢包,386,TWD,配額列1886
2026-07-11 14:26:00,餐飲,錢包,387,TWD,配額列1887
2026-07-12 15:27:00,餐飲,錢包,388,TWD,配額列1888
2026-07-13 16:28:00,餐飲,錢包,389,TWD,配額列1889
2026-07-14 17:29:00,餐飲,錢包,390,TWD,配額列1890
2026-07-15 18:30:00,餐飲,錢包,391,TWD,配額列1891
2026-07-16 19:31:00,餐飲,錢包,392,TWD,配額列1892
2026-07-17 20:32:00,餐飲,錢包,393,TWD,配額列1893
2026-07-18 21:33:00,餐飲,錢包,394,TWD,配額列1894
2026-07-19 22:34:00,餐飲,錢包,395,TWD,配額列1895
2026-07-20 23:35:00,餐飲,錢包,396,TWD,配額列1896
2026-07-21 00:36:00,餐飲,錢包,397,TWD,配額列1897
2026-07-22 01:37:00,餐飲,錢包,398,TWD,配額列1898
2026-07-23 02:38:00,餐飲,錢包,399,TWD,配額列1899
2026-07-24 03:39:00,餐飲,錢包,400,TWD,配額列1900
2026-07-25 04:40:00,餐飲,錢包,401,TWD,配額列1901
2026-07-26 05:41:00,餐飲,錢包,402,TWD,配額列1902
2026-07-27 06:42:00,餐飲,錢包,403,TWD,配額列1903
2026-07-28 07:43:00,餐飲,錢包,404,TWD,配額列1904
2026-07-01 08:44:00,餐飲,錢包,405,TWD,配額列1905
2026-07-02 09:45:00,餐飲,錢包,406,TWD,配額列1906
2026-07-03 10:46:00,餐飲,錢包,407,TWD,配額列1907
2026-07-04 11:47:00,餐飲,錢包,408,TWD,配額列1908
2026-07-05 12:48:00,餐飲,錢包,409,TWD,配額列1909
2026-07-06 13:49:00,餐飲,錢包,410,TWD,配額列1910
2026-07-07 14:50:00,餐飲,錢包,411,TWD,配額列1911
2026-07-08 15:51:00,餐飲,錢包,412,TWD,配額列1912
2026-07-09 16:52:00,餐飲,錢包,413,TWD,配額列1913
2026-07-10 17:53:00,餐飲,錢包,414,TWD,配額列1914
2026-07-11 18:54:00,餐飲,錢包,415,TWD,配額列1915
2026-07-12 19:55:00,餐飲,錢包,416,TWD,配額列1916
2026-07-13 20:56:00,餐飲,錢包,417,TWD,配額列1917
2026-07-14 21:57:00,餐飲,錢包,418,TWD,配額列1918
2026-07-15 22:58:00,餐飲,錢包,419,TWD,配額列1919
2026-07-16 23:59:00,餐飲,錢包,420,TWD,配額列1920
2026-07-17 00:00:00,餐飲,錢包,421,TWD,配額列1921
2026-07-18 01:01:00,餐飲,錢包,422,TWD,配額列1922
2026-07-19 02:02:00,餐飲,錢包,423,TWD,配額列1923
2026-07-20 03:03:00,餐飲,錢包,424,TWD,配額列1924
2026-07-21 04:04:00,餐飲,錢包,425,TWD,配額列1925
2026-07-22 05:05:00,餐飲,錢包,426,TWD,配額列1926
2026-07-23 06:06:00,餐飲,錢包,427,TWD,配額列1927
2026-07-24 07:07:00,餐飲,錢包,428,TWD,配額列1928
2026-07-25 08:08:00,餐飲,錢包,429,TWD,配額列1929
2026-07-26 09:09:00,餐飲,錢包,430,TWD,配額列1930
2026-07-27 10:10:00,餐飲,錢包,431,TWD,配額列1931
2026-07-28 11:11:00,餐飲,錢包,432,TWD,配額列1932
2026-07-01 12:12:00,餐飲,錢包,433,TWD,配額列1933
2026-07-02 13:13:00,餐飲,錢包,434,TWD,配額列1934
2026-07-03 14:14:00,餐飲,錢包,435,TWD,配額列1935
2026-07-04 15:15:00,餐飲,錢包,436,TWD,配額列1936
2026-07-05 16:16:00,餐飲,錢包,437,TWD,配額列1937
2026-07-06 17:17:00,餐飲,錢包,438,TWD,配額列1938
2026-07-07 18:18:00,餐飲,錢包,439,TWD,配額列1939
2026-07-08 19:19:00,餐飲,錢包,440,TWD,配額列1940
2026-07-09 20:20:00,餐飲,錢包,441,TWD,配額列1941
2026-07-10 21:21:00,餐飲,錢包,442,TWD,配額列1942
2026-07-11 22:22:00,餐飲,錢包,443,TWD,配額列1943
2026-07-12 23:23:00,餐飲,錢包,444,TWD,配額列1944
2026-07-13 00:24:00,餐飲,錢包,445,TWD,配額列1945
2026-07-14 01:25:00,餐飲,錢包,446,TWD,配額列1946
2026-07-15 02:26:00,餐飲,錢包,447,TWD,配額列1947
2026-07-16 03:27:00,餐飲,錢包,448,TWD,配額列1948
2026-07-17 04:28:00,餐飲,錢包,449,TWD,配額列1949
2026-07-18 05:29:00,餐飲,錢包,450,TWD,配額列1950
2026-07-19 06:30:00,餐飲,錢包,451,TWD,配額列1951
2026-07-20 07:31:00,餐飲,錢包,452,TWD,配額列1952
2026-07-21 08:32:00,餐飲,錢包,453,TWD,配額列1953
2026-07-22 09:33:00,餐飲,錢包,454,TWD,配額列1954
2026-07-23 10:34:00,餐飲,錢包,455,TWD,配額列1955
2026-07-24 11:35:00,餐飲,錢包,456,TWD,配額列1956
2026-07-25 12:36:00,餐飲,錢包,457,TWD,配額列1957
2026-07-26 13:37:00,餐飲,錢包,458,TWD,配額列1958
2026-07-27 14:38:00,餐飲,錢包,459,TWD,配額列1959
2026-07-28 15:39:00,餐飲,錢包,460,TWD,配額列1960
2026-07-01 16:40:00,餐飲,錢包,461,TWD,配額列1961
2026-07-02 17:41:00,餐飲,錢包,462,TWD,配額列1962
2026-07-03 18:42:00,餐飲,錢包,463,TWD,配額列1963
2026-07-04 19:43:00,餐飲,錢包,464,TWD,配額列1964
2026-07-05 20:44:00,餐飲,錢包,465,TWD,配額列1965
2026-07-06 21:45:00,餐飲,錢包,466,TWD,配額列1966
2026-07-07 22:46:00,餐飲,錢包,467,TWD,配額列1967
2026-07-08 23:47:00,餐飲,錢包,468,TWD,配額列1968
2026-07-09 00:48:00,餐飲,錢包,469,TWD,配額列1969
2026-07-10 01:49:00,餐飲,錢包,470,TWD,配額列1970
2026-07-11 02:50:00,餐飲,錢包,471,TWD,配額列1971
2026-07-12 03:51:00,餐飲,錢包,472,TWD,配額列1972
2026-07-13 04:52:00,餐飲,錢包,473,TWD,配額列1973
2026-07-14 05:53:00,餐飲,錢包,474,TWD,配額列1974
2026-07-15 06:54:00,餐飲,錢包,475,TWD,配額列1975
2026-07-16 07:55:00,餐飲,錢包,476,TWD,配額列1976
2026-07-17 08:56:00,餐飲,錢包,477,TWD,配額列1977
2026-07-18 09:57:00,餐飲,錢包,478,TWD,配額列1978
2026-07-19 10:58:00,餐飲,錢包,479,TWD,配額列1979
2026-07-20 11:59:00,餐飲,錢包,480,TWD,配額列1980
2026-07-21 12:00:00,餐飲,錢包,481,TWD,配額列1981
2026-07-22 13:01:00,餐飲,錢包,482,TWD,配額列1982
2026-07-23 14:02:00,餐飲,錢包,483,TWD,配額列1983
2026-07-24 15:03:00,餐飲,錢包,484,TWD,配額列1984
2026-07-25 16:04:00,餐飲,錢包,485,TWD,配額列1985
2026-07-26 17:05:00,餐飲,錢包,486,TWD,配額列1986
2026-07-27 18:06:00,餐飲,錢包,487,TWD,配額列1987
2026-07-28 19:07:00,餐飲,錢包,488,TWD,配額列1988
2026-07-01 20:08:00,餐飲,錢包,489,TWD,配額列1989
2026-07-02 21:09:00,餐飲,錢包,490,TWD,配額列1990
2026-07-03 22:10:00,餐飲,錢包,491,TWD,配額列1991
2026-07-04 23:11:00,餐飲,錢包,492,TWD,配額列1992
2026-07-05 00:12:00,餐飲,錢包,493,TWD,配額列1993
2026-07-06 01:13:00,餐飲,錢包,494,TWD,配額列1994
2026-07-07 02:14:00,餐飲,錢包,495,TWD,配額列1995
2026-07-08 03:15:00,餐飲,錢包,496,TWD,配額列1996
2026-07-09 04:16:00,餐飲,錢包,497,TWD,配額列1997
2026-07-10 05:17:00,餐飲,錢包,498,TWD,配額列1998
2026-07-11 06:18:00,餐飲,錢包,499,TWD,配額列1999
2026-07-12 07:19:00,餐飲,錢包,500,TWD,配額列2000
2026-07-13 08:20:00,餐飲,錢包,1,TWD,配額列2001
2026-07-14 09:21:00,餐飲,錢包,2,TWD,配額列2002
2026-07-15 10:22:00,餐飲,錢包,3,TWD,配額列2003
2026-07-16 11:23:00,餐飲,錢包,4,TWD,配額列2004
2026-07-17 12:24:00,餐飲,錢包,5,TWD,配額列2005
2026-07-18 13:25:00,餐飲,錢包,6,TWD,配額列2006
2026-07-19 14:26:00,餐飲,錢包,7,TWD,配額列2007
2026-07-20 15:27:00,餐飲,錢包,8,TWD,配額列2008
2026-07-21 16:28:00,餐飲,錢包,9,TWD,配額列2009
2026-07-22 17:29:00,餐飲,錢包,10,TWD,配額列2010
2026-07-23 18:30:00,餐飲,錢包,11,TWD,配額列2011
2026-07-24 19:31:00,餐飲,錢包,12,TWD,配額列2012
2026-07-25 20:32:00,餐飲,錢包,13,TWD,配額列2013
2026-07-26 21:33:00,餐飲,錢包,14,TWD,配額列2014
2026-07-27 22:34:00,餐飲,錢包,15,TWD,配額列2015
2026-07-28 23:35:00,餐飲,錢包,16,TWD,配額列2016
2026-07-01 00:36:00,餐飲,錢包,17,TWD,配額列2017
2026-07-02 01:37:00,餐飲,錢包,18,TWD,配額列2018
2026-07-03 02:38:00,餐飲,錢包,19,TWD,配額列2019
2026-07-04 03:39:00,餐飲,錢包,20,TWD,配額列2020
2026-07-05 04:40:00,餐飲,錢包,21,TWD,配額列2021
2026-07-06 05:41:00,餐飲,錢包,22,TWD,配額列2022
2026-07-07 06:42:00,餐飲,錢包,23,TWD,配額列2023
2026-07-08 07:43:00,餐飲,錢包,24,TWD,配額列2024
2026-07-09 08:44:00,餐飲,錢包,25,TWD,配額列2025
2026-07-10 09:45:00,餐飲,錢包,26,TWD,配額列2026
2026-07-11 10:46:00,餐飲,錢包,27,TWD,配額列2027
2026-07-12 11:47:00,餐飲,錢包,28,TWD,配額列2028
2026-07-13 12:48:00,餐飲,錢包,29,TWD,配額列2029
2026-07-14 13:49:00,餐飲,錢包,30,TWD,配額列2030
2026-07-15 14:50:00,餐飲,錢包,31,TWD,配額列2031
2026-07-16 15:51:00,餐飲,錢包,32,TWD,配額列2032
2026-07-17 16:52:00,餐飲,錢包,33,TWD,配額列2033
2026-07-18 17:53:00,餐飲,錢包,34,TWD,配額列2034
2026-07-19 18:54:00,餐飲,錢包,35,TWD,配額列2035
2026-07-20 19:55:00,餐飲,錢包,36,TWD,配額列2036
2026-07-21 20:56:00,餐飲,錢包,37,TWD,配額列2037
2026-07-22 21:57:00,餐飲,錢包,38,TWD,配額列2038
2026-07-23 22:58:00,餐飲,錢包,39,TWD,配額列2039
2026-07-24 23:59:00,餐飲,錢包,40,TWD,配額列2040
2026-07-25 00:00:00,餐飲,錢包,41,TWD,配額列2041
2026-07-26 01:01:00,餐飲,錢包,42,TWD,配額列2042
2026-07-27 02:02:00,餐飲,錢包,43,TWD,配額列2043
2026-07-28 03:03:00,餐飲,錢包,44,TWD,配額列2044
2026-07-01 04:04:00,餐飲,錢包,45,TWD,配額列2045
2026-07-02 05:05:00,餐飲,錢包,46,TWD,配額列2046
2026-07-03 06:06:00,餐飲,錢包,47,TWD,配額列2047
2026-07-04 07:07:00,餐飲,錢包,48,TWD,配額列2048
2026-07-05 08:08:00,餐飲,錢包,49,TWD,配額列2049
2026-07-06 09:09:00,餐飲,錢包,50,TWD,配額列2050
2026-07-07 10:10:00,餐飲,錢包,51,TWD,配額列2051
2026-07-08 11:11:00,餐飲,錢包,52,TWD,配額列2052
2026-07-09 12:12:00,餐飲,錢包,53,TWD,配額列2053
2026-07-10 13:13:00,餐飲,錢包,54,TWD,配額列2054
2026-07-11 14:14:00,餐飲,錢包,55,TWD,配額列2055
2026-07-12 15:15:00,餐飲,錢包,56,TWD,配額列2056
2026-07-13 16:16:00,餐飲,錢包,57,TWD,配額列2057
2026-07-14 17:17:00,餐飲,錢包,58,TWD,配額列2058
2026-07-15 18:18:00,餐飲,錢包,59,TWD,配額列2059
2026-07-16 19:19:00,餐飲,錢包,60,TWD,配額列2060
2026-07-17 20:20:00,餐飲,錢包,61,TWD,配額列2061
2026-07-18 21:21:00,餐飲,錢包,62,TWD,配額列2062
2026-07-19 22:22:00,餐飲,錢包,63,TWD,配額列2063
2026-07-20 23:23:00,餐飲,錢包,64,TWD,配額列2064
2026-07-21 00:24:00,餐飲,錢包,65,TWD,配額列2065
2026-07-22 01:25:00,餐飲,錢包,66,TWD,配額列2066
2026-07-23 02:26:00,餐飲,錢包,67,TWD,配額列2067
2026-07-24 03:27:00,餐飲,錢包,68,TWD,配額列2068
2026-07-25 04:28:00,餐飲,錢包,69,TWD,配額列2069
2026-07-26 05:29:00,餐飲,錢包,70,TWD,配額列2070
2026-07-27 06:30:00,餐飲,錢包,71,TWD,配額列2071
2026-07-28 07:31:00,餐飲,錢包,72,TWD,配額列2072
2026-07-01 08:32:00,餐飲,錢包,73,TWD,配額列2073
2026-07-02 09:33:00,餐飲,錢包,74,TWD,配額列2074
2026-07-03 10:34:00,餐飲,錢包,75,TWD,配額列2075
2026-07-04 11:35:00,餐飲,錢包,76,TWD,配額列2076
2026-07-05 12:36:00,餐飲,錢包,77,TWD,配額列2077
2026-07-06 13:37:00,餐飲,錢包,78,TWD,配額列2078
2026-07-07 14:38:00,餐飲,錢包,79,TWD,配額列2079
2026-07-08 15:39:00,餐飲,錢包,80,TWD,配額列2080
2026-07-09 16:40:00,餐飲,錢包,81,TWD,配額列2081
2026-07-10 17:41:00,餐飲,錢包,82,TWD,配額列2082
2026-07-11 18:42:00,餐飲,錢包,83,TWD,配額列2083
2026-07-12 19:43:00,餐飲,錢包,84,TWD,配額列2084
2026-07-13 20:44:00,餐飲,錢包,85,TWD,配額列2085
2026-07-14 21:45:00,餐飲,錢包,86,TWD,配額列2086
2026-07-15 22:46:00,餐飲,錢包,87,TWD,配額列2087
2026-07-16 23:47:00,餐飲,錢包,88,TWD,配額列2088
2026-07-17 00:48:00,餐飲,錢包,89,TWD,配額列2089
2026-07-18 01:49:00,餐飲,錢包,90,TWD,配額列2090
2026-07-19 02:50:00,餐飲,錢包,91,TWD,配額列2091
2026-07-20 03:51:00,餐飲,錢包,92,TWD,配額列2092
2026-07-21 04:52:00,餐飲,錢包,93,TWD,配額列2093
2026-07-22 05:53:00,餐飲,錢包,94,TWD,配額列2094
2026-07-23 06:54:00,餐飲,錢包,95,TWD,配額列2095
2026-07-24 07:55:00,餐飲,錢包,96,TWD,配額列2096
2026-07-25 08:56:00,餐飲,錢包,97,TWD,配額列2097
2026-07-26 09:57:00,餐飲,錢包,98,TWD,配額列2098
2026-07-27 10:58:00,餐飲,錢包,99,TWD,配額列2099
2026-07-28 11:59:00,餐飲,錢包,100,TWD,配額列2100
