序,測項,類型,動作,預期,取證時點,手段,已驗,說明
1,,建置,依 R15 環境準備啟動本機商店,同次 open-app 的 READY 與 LOCAL_STOREKIT_READY 均成立,UI 操作開始前,qa-markers,,核對同一 QA 身分及商店雜湊
2,PM-06,操作,打開設定，點「升級至 Premium」,升級頁開啟，可見月費、年費及「還原購買」。,該列操作後立即核對,manual-ui,,第 1 項
3,PM-06,操作,點「月費」,顯示 US$0.99／月，月費自動續訂說明顯示相同金額，「立即升級」可點。,該列操作後立即核對,manual-ui,,第 1 項
4,PM-06,操作,點「年費」,顯示 US$9.99／年，年費自動續訂說明顯示相同金額，「立即升級」可點。,該列操作後立即核對,manual-ui,PM-06 月年商品與價格符合本機設定，選擇方案後購買按鈕可用,第 1 項
5,PM-06,操作,選月費,月費顯示為已選取。,該列操作後立即核對,manual-ui,,第 2 項
6,PM-06,操作,點「立即升級」,出現 Xcode 購買視窗。,該列操作後立即核對,manual-ui,,第 2 項
7,PM-06,操作,在購買視窗取消,回到升級頁，沒有購買失敗提示，也沒有持續轉圈。,該列操作後立即核對,manual-ui,,第 2 項
8,PM-06,操作,點升級頁左上角的關閉按鈕,回到設定頁，可見「升級至 Premium」。,該列操作後立即核對,manual-ui,,第 2 項
9,PM-06,操作,打開設定，點「升級至 Premium」,升級頁開啟，可見月費、年費及「還原購買」。,該列操作後立即核對,manual-ui,,第 2 項
10,PM-06,操作,選月費,月費顯示為已選取。,該列操作後立即核對,manual-ui,,第 2 項
11,PM-06,操作,點「立即升級」,可以再次叫出購買視窗。,該列操作後立即核對,manual-ui,,第 2 項
12,PM-06,操作,再次取消購買,回到升級頁，沒有購買失敗提示。,該列操作後立即核對,manual-ui,,第 2 項
13,PM-06,操作,點升級頁左上角的關閉按鈕,回到設定頁，「升級至 Premium」仍可見。,兩次取消起至各自回到設定頁,manual-ui,PM-06 取消購買留在付費牆且維持免費，不顯示購買失敗對話框,第 2 項
14,,建置,準備交接：啟用購買失敗設定,設定完成，本機商店仍沒有有效訂閱。,交接前核對完成條件,local-storekit,,第 3 項
15,PM-06,操作,打開設定，點「升級至 Premium」,升級頁開啟，可見月費、年費及「還原購買」。,該列操作後立即核對,manual-ui,,第 3 項
16,PM-06,操作,選月費,月費已選取。,該列操作後立即核對,manual-ui,,第 3 項
17,PM-06,操作,點「立即升級」,出現 Xcode 購買視窗。,該列操作後立即核對,manual-ui,,第 3 項
18,PM-06,操作,在購買視窗確認訂閱,出現「購買失敗」提示。,該列操作後立即核對,manual-ui,,第 3 項
19,PM-06,操作,關閉「購買失敗」提示,回到升級頁，載入狀態結束，按鈕可操作。,該列操作後立即核對,manual-ui,,第 3 項
20,PM-06,取證,核對本機商店購買狀態,沒有有效訂閱，沒有取得付費權益。,該列操作後立即核對,local-storekit,PM-06 非取消購買錯誤顯示失敗提示，解除載入且未取得付費權益,第 3 項
21,,建置,準備交接：恢復正常購買,購買失敗設定已關閉。,交接前核對完成條件,local-storekit,,第 3 項
22,PM-06,操作,再點「立即升級」,可以重新叫出購買視窗。,該列操作後立即核對,manual-ui,,第 3 項
23,PM-06,操作,取消購買視窗,回到升級頁，沒有新增訂閱。,該列操作後立即核對,manual-ui,,第 3 項
24,PM-06,操作,點升級頁左上角的關閉按鈕,回到設定頁，可見「升級至 Premium」。,該列操作後立即核對,manual-ui,,第 3 項
25,PM-08,操作,打開設定，點「升級至 Premium」,升級頁開啟，可見月費、年費及「還原購買」。,該列操作後立即核對,manual-ui,,第 4 項
26,PM-08,操作,點頁面底部「還原購買」,出現「沒有可恢復的購買項目」。,該列操作後立即核對,manual-ui,,第 4 項
27,PM-08,操作,關閉提示,升級頁可繼續操作，載入狀態結束。,該列操作後立即核對,manual-ui,,第 4 項
28,PM-08,操作,再點一次「還原購買」,再次顯示沒有可恢復項目的提示。,該列操作後立即核對,manual-ui,,第 4 項
29,PM-08,操作,關閉提示,回到升級頁。,該列操作後立即核對,manual-ui,,第 4 項
30,PM-08,操作,關閉升級頁,設定頁仍可見「升級至 Premium」。,該列操作後立即核對,manual-ui,PM-08 手動恢復查無有效訂閱時提示無可還原購買，等級維持免費,第 4 項
31,,建置,準備交接：建立並核對本場共用資料,3 帳戶、7 類別、1 支出及 1 轉帳已儲存，基準餘額已核對。,交接前核對完成條件,manual-ui,,第 5 項
32,PM-07,操作,打開設定，點「升級至 Premium」,升級頁開啟，可見月費、年費及「還原購買」。,該列操作後立即核對,manual-ui,,第 5 項
33,PM-07,操作,點「月費」,月費顯示為已選取。,該列操作後立即核對,manual-ui,,第 5 項
34,PM-07,操作,點「立即升級」,出現 Xcode 本機購買視窗。,該列操作後立即核對,manual-ui,,第 5 項
35,PM-07,操作,在 Xcode 購買視窗確認訂閱,購買完成，顯示成功結果。,該列操作後立即核對,manual-ui,,第 5 項
36,PM-07,操作,關閉 Xcode 成功提示，若顯示 OK 就點 OK,升級頁自動關閉，設定頁不再顯示「升級至 Premium」。,該列操作後立即核對,manual-ui,,第 5 項
37,PM-07,取證,核對本機商店的有效訂閱,存在有效月費交易，商品代碼符合本場設定。,該列操作後立即核對,local-storekit,,第 5 項
38,PM-07,操作,打開設定 → 管理帳戶，點右上角新增按鈕,進入新增帳戶畫面。,該列操作後立即核對,manual-ui,,第 5 項
39,PM-07,操作,名稱輸入「測試帳戶 4」，幣別選 TWD,名稱及幣別符合輸入，完成按鈕可點。,該列操作後立即核對,manual-ui,,第 5 項
40,PM-07,操作,點右上角完成,帳戶列表新增「測試帳戶 4」，共有 4 個帳戶。,該列操作後立即核對,manual-ui,,第 5 項
41,PM-07,操作,打開設定 → 管理類別，點右上角新增按鈕,進入新增類別畫面。,該列操作後立即核對,manual-ui,,第 5 項
42,PM-07,操作,名稱輸入「測試類別 8」，類型選支出,名稱及類型符合輸入，完成按鈕可點。,該列操作後立即核對,manual-ui,,第 5 項
43,PM-07,操作,點右上角完成,類別列表新增「測試類別 8」，共有 8 個類別。,該列操作後立即核對,manual-ui,PM-07 月訂閱成功後升級頁關閉，設定頁升級入口消失且第 4 帳戶與第 8 類別可新增,第 5 項
44,,建置,準備交接：依執行說明完全關閉並重開 App,同一份帳目與 QA 身分重新開啟，已取得重新啟動及商店就緒證據。,交接前核對完成條件,qa-markers,,第 5 項
45,PM-07,操作,打開設定,設定頁沒有升級入口，沒有誤開升級頁。,該列操作後立即核對,manual-ui,,第 5 項
46,PM-07,取證,打開管理帳戶及管理類別，查看新增項目,測試帳戶 4 與測試類別 8 仍在，原有帳目及餘額也符合基準。,該列操作後立即核對,manual-ui,,第 5 項。與第 6 項重開結果共同判定兩種訂閱的自動恢復
47,PM-07,操作,打開設定 → 管理帳戶，點「測試帳戶 4」,進入該帳戶的編輯畫面。該帳戶未使用，餘額為 0。,該列操作後立即核對,manual-ui,,第 5 項
48,PM-07,操作,點「刪除帳戶」,出現刪除確認視窗。,該列操作後立即核對,manual-ui,,第 5 項
49,PM-07,操作,在確認視窗點「刪除」,測試帳戶 4 消失，剩下錢包、銀行及備用共 3 個帳戶。,該列操作後立即核對,manual-ui,,第 5 項
50,PM-07,操作,打開設定 → 管理類別，點「測試類別 8」,進入該類別的編輯畫面。該類別未被任何帳目使用。,該列操作後立即核對,manual-ui,,第 5 項
51,PM-07,操作,點「刪除類別」,出現刪除確認視窗。,該列操作後立即核對,manual-ui,,第 5 項
52,PM-07,操作,在確認視窗點「刪除」,測試類別 8 消失，類別總數回到 7。,該列操作後立即核對,manual-ui,,第 5 項
53,PM-07,操作,返回設定頁,升級入口仍隱藏，帳戶及類別回到 3 與 7。,該列操作後立即核對,manual-ui,,第 5 項
54,,建置,準備交接：只重設本機購買紀錄並確認免費狀態,沒有有效訂閱，設定頁出現升級入口，基準帳目及餘額不變。,交接前核對完成條件,local-storekit,,第 6 項
55,PM-07,操作,打開設定，點「升級至 Premium」,升級頁開啟，可見月費、年費及「還原購買」。,該列操作後立即核對,manual-ui,,第 6 項
56,PM-07,操作,點「年費」,年費顯示為已選取。,該列操作後立即核對,manual-ui,,第 6 項
57,PM-07,操作,點「立即升級」,出現 Xcode 本機購買視窗。,該列操作後立即核對,manual-ui,,第 6 項
58,PM-07,操作,在 Xcode 購買視窗確認訂閱,購買完成，顯示成功結果。,該列操作後立即核對,manual-ui,,第 6 項
59,PM-07,操作,關閉 Xcode 成功提示，若顯示 OK 就點 OK,升級頁自動關閉，設定頁不再顯示「升級至 Premium」。,該列操作後立即核對,manual-ui,,第 6 項
60,PM-07,取證,核對本機商店的有效訂閱,存在有效年費交易，商品代碼符合本場設定。,該列操作後立即核對,local-storekit,,第 6 項
61,PM-07,操作,打開設定 → 管理帳戶，點右上角新增按鈕,進入新增帳戶畫面。,該列操作後立即核對,manual-ui,,第 6 項
62,PM-07,操作,名稱輸入「測試帳戶 4」，幣別選 TWD,名稱及幣別符合輸入，完成按鈕可點。,該列操作後立即核對,manual-ui,,第 6 項
63,PM-07,操作,點右上角完成,帳戶列表新增「測試帳戶 4」，共有 4 個帳戶。,該列操作後立即核對,manual-ui,,第 6 項
64,PM-07,操作,打開設定 → 管理類別，點右上角新增按鈕,進入新增類別畫面。,該列操作後立即核對,manual-ui,,第 6 項
65,PM-07,操作,名稱輸入「測試類別 8」，類型選支出,名稱及類型符合輸入，完成按鈕可點。,該列操作後立即核對,manual-ui,,第 6 項
66,PM-07,操作,點右上角完成,類別列表新增「測試類別 8」，共有 8 個類別。,該列操作後立即核對,manual-ui,PM-07 年訂閱成功後升級頁關閉，設定頁升級入口消失且第 4 帳戶與第 8 類別可新增,第 6 項
67,,建置,準備交接：依執行說明完全關閉並重開 App,同一份帳目與 QA 身分重新開啟，已取得重新啟動及商店就緒證據。,交接前核對完成條件,qa-markers,,第 6 項
68,PM-07,操作,打開設定,設定頁沒有升級入口，沒有誤開升級頁。,該列操作後立即核對,manual-ui,,第 6 項
69,PM-07,取證,查看新增帳戶、類別及原有帳目,測試帳戶 4 與測試類別 8 仍在，基準帳目與餘額不變。,該列操作後立即核對,manual-ui,PM-07 兩種有效訂閱冷啟動均自動恢復付費權益，不誤開付費牆且帳目保留,第 6 項。第 5 項月費及本項年費的重開證據都齊全才判定
70,PM-07,操作,打開設定 → 管理帳戶，點「測試帳戶 4」,進入該帳戶的編輯畫面。該帳戶未使用，餘額為 0。,該列操作後立即核對,manual-ui,,第 6 項
71,PM-07,操作,點「刪除帳戶」,出現刪除確認視窗。,該列操作後立即核對,manual-ui,,第 6 項
72,PM-07,操作,在確認視窗點「刪除」,測試帳戶 4 消失，剩下錢包、銀行及備用共 3 個帳戶。,該列操作後立即核對,manual-ui,,第 6 項
73,PM-07,操作,打開設定 → 管理類別，點「測試類別 8」,進入該類別的編輯畫面。該類別未被任何帳目使用。,該列操作後立即核對,manual-ui,,第 6 項
74,PM-07,操作,點「刪除類別」,出現刪除確認視窗。,該列操作後立即核對,manual-ui,,第 6 項
75,PM-07,操作,在確認視窗點「刪除」,測試類別 8 消失，類別總數回到 7。,該列操作後立即核對,manual-ui,,第 6 項
76,PM-07,操作,返回設定頁,升級入口仍隱藏，帳戶及類別回到 3 與 7。,該列操作後立即核對,manual-ui,,第 6 項
77,,建置,準備交接：建立還原成功的起點,本機商店有有效月費交易，升級頁的還原按鈕仍可點。,交接前核對完成條件,local-storekit,,第 7 項
78,PM-08,操作,點「還原購買」,顯示「已還原購買項目」。,該列操作後立即核對,manual-ui,,第 7 項
79,PM-08,操作,關閉成功提示,回到升級頁。,該列操作後立即核對,manual-ui,,第 7 項
80,PM-08,操作,關閉升級頁,設定頁的「升級至 Premium」消失。,該列操作後立即核對,manual-ui,,第 7 項
81,PM-08,操作,打開設定 → 管理帳戶，點右上角新增按鈕,進入新增帳戶畫面。,該列操作後立即核對,manual-ui,,第 7 項
82,PM-08,操作,名稱輸入「測試帳戶 4」，幣別選 TWD,名稱及幣別符合輸入，完成按鈕可點。,該列操作後立即核對,manual-ui,,第 7 項
83,PM-08,操作,點右上角完成,帳戶列表新增「測試帳戶 4」，共有 4 個帳戶。,該列操作後立即核對,manual-ui,,第 7 項
84,PM-08,操作,打開設定 → 管理類別，點右上角新增按鈕,進入新增類別畫面。,該列操作後立即核對,manual-ui,,第 7 項
85,PM-08,操作,名稱輸入「測試類別 8」，類型選支出,名稱及類型符合輸入，完成按鈕可點。,該列操作後立即核對,manual-ui,,第 7 項
86,PM-08,操作,點右上角完成,類別列表新增「測試類別 8」，共有 8 個類別。,該列操作後立即核對,manual-ui,PM-08 手動點按恢復查得有效商品時提示成功並解除上限，不能以自動恢復代驗,第 7 項
87,PM-08,操作,打開設定 → 管理帳戶，點「測試帳戶 4」,進入該帳戶的編輯畫面。該帳戶未使用，餘額為 0。,該列操作後立即核對,manual-ui,,第 7 項
88,PM-08,操作,點「刪除帳戶」,出現刪除確認視窗。,該列操作後立即核對,manual-ui,,第 7 項
89,PM-08,操作,在確認視窗點「刪除」,測試帳戶 4 消失，剩下錢包、銀行及備用共 3 個帳戶。,該列操作後立即核對,manual-ui,,第 7 項
90,PM-08,操作,打開設定 → 管理類別，點「測試類別 8」,進入該類別的編輯畫面。該類別未被任何帳目使用。,該列操作後立即核對,manual-ui,,第 7 項
91,PM-08,操作,點「刪除類別」,出現刪除確認視窗。,該列操作後立即核對,manual-ui,,第 7 項
92,PM-08,操作,在確認視窗點「刪除」,測試類別 8 消失，類別總數回到 7。,該列操作後立即核對,manual-ui,,第 7 項
93,PM-08,操作,返回設定頁,仍為付費版，帳戶及類別回到 3 與 7。,該列操作後立即核對,manual-ui,,第 7 項
94,PM-09,取證,查看帳戶列表與首頁紀錄，對照測試資料的月年購買前基準,帳戶、類別、支出、轉帳與每個帳戶餘額都符合對照值。,該列操作後立即核對,manual-ui,,第 8 項
95,,建置,準備交接：設定這筆月費訂閱十秒後到期,已取得設定成功的確認，可立即進行下一步。,交接前核對完成條件,local-storekit,,第 8 項
96,PM-09,操作,立即返回 Simulator 主畫面,Swish 留在背景，尚未結束程序。,該列操作後立即核對,manual-ui,,第 8 項
97,PM-09,取證,準備交接：等待商店到期證據,這筆月費交易已到期，沒有其他有效訂閱。取得確認後才返回 App。,App 回到前景前,local-storekit,,第 8 項
98,PM-09,操作,從 Simulator 主畫面點 Swish，回到 App,App 回到前景。此步沿用仍在背景的程序。,該列操作後立即核對,manual-ui,,第 8 項
99,PM-09,操作,打開設定,重新出現「升級至 Premium」，App 回到免費版。,該列操作後立即核對,manual-ui,PM-09 已到期且無其他有效訂閱時，回前景轉為免費並重新顯示升級入口,第 8 項
100,PM-09,取證,查看帳戶列表與首頁紀錄，對照測試資料的月年購買前基準,帳戶、類別、支出、轉帳與每個帳戶餘額都符合對照值。,該列操作後立即核對,manual-ui,,第 8 項
101,PM-09,操作,打開設定 → 管理帳戶，點新增,出現升級頁，帳戶仍為 3 個。,該列操作後立即核對,manual-ui,,第 8 項
102,PM-09,操作,點升級頁左上角的關閉按鈕,回到帳戶列表，仍為 3 個帳戶。,該列操作後立即核對,manual-ui,,第 8 項
103,PM-09,操作,打開設定 → 管理類別，點新增,出現升級頁，類別仍為 7 個。,該列操作後立即核對,manual-ui,,第 8 項
104,PM-09,操作,點升級頁左上角的關閉按鈕,回到類別列表，仍為 7 個類別。,該列操作後立即核對,manual-ui,,第 8 項
105,PM-09,操作,從首頁點新增 → 支出,進入支出編輯畫面。,該列操作後立即核對,manual-ui,,第 8 項
106,PM-09,操作,依測試資料填入「R15 等於上限」支出,金額、帳戶、類別、日期與備註符合該列資料。,該列操作後立即核對,manual-ui,,第 8 項
107,PM-09,操作,點右上角完成,返回首頁，出現該筆支出，沒有跳出升級頁。,該列操作後立即核對,manual-ui,,第 8 項
108,PM-09,操作,從首頁點新增 → 轉帳,進入轉帳編輯畫面。,該列操作後立即核對,manual-ui,,第 8 項
109,PM-09,操作,依測試資料填入「R15 等於上限」轉帳,轉出錢包、轉入銀行，金額與日期符合該列資料。,該列操作後立即核對,manual-ui,,第 8 項
110,PM-09,操作,點右上角完成,返回首頁，出現該筆轉帳，沒有跳出升級頁。,該列操作後立即核對,manual-ui,,第 8 項
111,PM-09,取證,核對新增紀錄與帳戶餘額,已有 2 筆支出與 2 筆轉帳。錢包 -330、銀行 220、備用 0。,該列操作後立即核對,manual-ui,PM-09 恰好三帳戶七類別時新增帳戶類別被擋，新增交易與轉帳仍可完成,第 8 項
112,,建置,準備交接：依執行說明完全關閉並重開 App,同一份帳目與 QA 身分重新開啟，已取得重新啟動及商店就緒證據。,交接前核對完成條件,qa-markers,,第 8 項
113,PM-09,操作,打開設定,設定頁仍有「升級至 Premium」，維持免費版。,該列操作後立即核對,manual-ui,PM-09 到期後冷啟動仍為免費，沒有沿用過期付費狀態,第 8 項
114,PM-09,取證,查看帳戶列表與首頁紀錄，對照測試資料的第 8 項完成基準,帳戶、類別、支出、轉帳與每個帳戶餘額都符合對照值。,該列操作後立即核對,manual-ui,,第 8 項
115,PM-09,操作,打開設定，點「升級至 Premium」,升級頁開啟，可見月費、年費及「還原購買」。,該列操作後立即核對,manual-ui,,第 9 項
116,PM-09,操作,點「月費」,月費顯示為已選取。,該列操作後立即核對,manual-ui,,第 9 項
117,PM-09,操作,點「立即升級」,出現 Xcode 本機購買視窗。,該列操作後立即核對,manual-ui,,第 9 項
118,PM-09,操作,在 Xcode 購買視窗確認訂閱,購買完成，顯示成功結果。,該列操作後立即核對,manual-ui,,第 9 項
119,PM-09,操作,關閉 Xcode 成功提示，若顯示 OK 就點 OK,升級頁自動關閉，設定頁不再顯示「升級至 Premium」。,該列操作後立即核對,manual-ui,,第 9 項
120,PM-09,取證,核對本機商店的有效訂閱,存在有效月費交易，商品代碼符合本場設定。,該列操作後立即核對,local-storekit,,第 9 項
121,PM-09,操作,打開設定 → 管理帳戶，點右上角新增按鈕,進入新增帳戶畫面。,該列操作後立即核對,manual-ui,,第 9 項
122,PM-09,操作,名稱輸入「測試帳戶 4」，幣別選 TWD,名稱及幣別符合輸入，完成按鈕可點。,該列操作後立即核對,manual-ui,,第 9 項
123,PM-09,操作,點右上角完成,帳戶列表新增「測試帳戶 4」，共有 4 個帳戶。,該列操作後立即核對,manual-ui,,第 9 項
124,PM-09,操作,打開設定 → 管理類別，點右上角新增按鈕,進入新增類別畫面。,該列操作後立即核對,manual-ui,,第 9 項
125,PM-09,操作,名稱輸入「測試類別 8」，類型選支出,名稱及類型符合輸入，完成按鈕可點。,該列操作後立即核對,manual-ui,,第 9 項
126,PM-09,操作,點右上角完成,類別列表新增「測試類別 8」，共有 8 個類別。,該列操作後立即核對,manual-ui,,第 9 項
127,PM-09,取證,保留到期前的帳戶、類別、紀錄與餘額,4 帳戶、8 類別，帳目及前三帳戶餘額仍符合第 8 項完成基準，測試帳戶 4 餘額為 0。,該列操作後立即核對,manual-ui,,第 9 項
128,,建置,準備交接：設定這筆月費訂閱十秒後到期,已取得設定成功的確認，可立即進行下一步。,交接前核對完成條件,local-storekit,,第 9 項
129,PM-09,操作,立即返回 Simulator 主畫面,Swish 留在背景，尚未結束程序。,該列操作後立即核對,manual-ui,,第 9 項
130,PM-09,取證,準備交接：等待商店到期證據,這筆月費交易已到期，沒有其他有效訂閱。取得確認後才返回 App。,App 回到前景前,local-storekit,,第 9 項
131,PM-09,操作,從 Simulator 主畫面點 Swish，回到 App,App 回到前景。此步沿用仍在背景的程序。,該列操作後立即核對,manual-ui,,第 9 項
132,PM-09,操作,打開設定,重新出現「升級至 Premium」，App 回到免費版。,該列操作後立即核對,manual-ui,,第 9 項
133,PM-09,取證,再次查看帳戶、類別與原有紀錄,4 帳戶、8 類別全保留，支出、轉帳及各帳戶餘額與到期前相同。,該列操作後立即核對,manual-ui,PM-09 降級前後既有帳目與餘額一致，超額帳戶及類別仍保留可查看,第 9 項。本列與第 8 項到期前後資料比對都符合才判定
134,PM-09,操作,從首頁點新增 → 支出,進入支出編輯畫面。,該列操作後立即核對,manual-ui,,第 9 項
135,PM-09,操作,依測試資料填入超額嘗試支出,各欄位符合超額嘗試資料，完成按鈕可點。,該列操作後立即核對,manual-ui,,第 9 項
136,PM-09,操作,點右上角完成,出現升級頁，這筆支出沒有儲存。,該列操作後立即核對,manual-ui,,第 9 項
137,PM-09,操作,關閉升級頁，再關閉未儲存的支出編輯器,回到首頁，未新增該筆支出。,該列操作後立即核對,manual-ui,,第 9 項
138,PM-09,操作,從首頁點新增 → 轉帳,進入轉帳編輯畫面。,該列操作後立即核對,manual-ui,,第 9 項
139,PM-09,操作,依測試資料填入超額嘗試轉帳,各欄位符合超額嘗試資料，完成按鈕可點。,該列操作後立即核對,manual-ui,,第 9 項
140,PM-09,操作,點右上角完成,出現升級頁，這筆轉帳沒有儲存。,該列操作後立即核對,manual-ui,,第 9 項
141,PM-09,操作,關閉升級頁，再關閉未儲存的轉帳編輯器,回到首頁，未新增該筆轉帳，餘額維持原值。,該列操作後立即核對,manual-ui,,第 9 項
142,PM-09,操作,打開設定 → 管理類別，點「測試類別 8」,進入該類別的編輯畫面。該類別未被任何帳目使用。,該列操作後立即核對,manual-ui,,第 10 項
143,PM-09,操作,點「刪除類別」,出現刪除確認視窗。,該列操作後立即核對,manual-ui,,第 10 項
144,PM-09,操作,在確認視窗點「刪除」,測試類別 8 消失，類別總數回到 7。,該列操作後立即核對,manual-ui,,第 10 項
145,PM-09,操作,從首頁點新增 → 支出,進入支出編輯畫面。,該列操作後立即核對,manual-ui,,第 10 項
146,PM-09,操作,依測試資料填入超額嘗試支出,各欄位符合超額嘗試資料，完成按鈕可點。,該列操作後立即核對,manual-ui,,第 10 項
147,PM-09,操作,點右上角完成,出現升級頁，這筆支出沒有儲存。,該列操作後立即核對,manual-ui,,第 10 項
148,PM-09,操作,關閉升級頁，再關閉未儲存的支出編輯器,回到首頁，未新增該筆支出。,該列操作後立即核對,manual-ui,,第 10 項
149,PM-09,操作,從首頁點新增 → 轉帳,進入轉帳編輯畫面。,該列操作後立即核對,manual-ui,,第 10 項
150,PM-09,操作,依測試資料填入超額嘗試轉帳,各欄位符合超額嘗試資料，完成按鈕可點。,該列操作後立即核對,manual-ui,,第 10 項
151,PM-09,操作,點右上角完成,出現升級頁，這筆轉帳沒有儲存。,該列操作後立即核對,manual-ui,,第 10 項
152,PM-09,操作,關閉升級頁，再關閉未儲存的轉帳編輯器,回到首頁，未新增該筆轉帳，餘額維持原值。,該列操作後立即核對,manual-ui,,第 10 項
153,PM-09,操作,打開設定，點「升級至 Premium」,升級頁開啟，可見月費、年費及「還原購買」。,該列操作後立即核對,manual-ui,,第 11 項
154,PM-09,操作,點「月費」,月費顯示為已選取。,該列操作後立即核對,manual-ui,,第 11 項
155,PM-09,操作,點「立即升級」,出現 Xcode 本機購買視窗。,該列操作後立即核對,manual-ui,,第 11 項
156,PM-09,操作,在 Xcode 購買視窗確認訂閱,購買完成，顯示成功結果。,該列操作後立即核對,manual-ui,,第 11 項
157,PM-09,操作,關閉 Xcode 成功提示，若顯示 OK 就點 OK,升級頁自動關閉，設定頁不再顯示「升級至 Premium」。,該列操作後立即核對,manual-ui,,第 11 項
158,PM-09,取證,核對本機商店的有效訂閱,存在有效月費交易，商品代碼符合本場設定。,該列操作後立即核對,local-storekit,,第 11 項
159,PM-09,操作,打開設定 → 管理類別，點右上角新增按鈕,進入新增類別畫面。,該列操作後立即核對,manual-ui,,第 11 項
160,PM-09,操作,名稱輸入「測試類別 8」，類型選支出,名稱及類型符合輸入，完成按鈕可點。,該列操作後立即核對,manual-ui,,第 11 項
161,PM-09,操作,點右上角完成,類別列表新增「測試類別 8」，共有 8 個類別。,該列操作後立即核對,manual-ui,,第 11 項
162,PM-09,操作,打開設定 → 管理帳戶，點「測試帳戶 4」,進入該帳戶的編輯畫面。該帳戶未使用，餘額為 0。,該列操作後立即核對,manual-ui,,第 11 項
163,PM-09,操作,點「刪除帳戶」,出現刪除確認視窗。,該列操作後立即核對,manual-ui,,第 11 項
164,PM-09,操作,在確認視窗點「刪除」,測試帳戶 4 消失，剩下錢包、銀行及備用共 3 個帳戶。,該列操作後立即核對,manual-ui,,第 11 項
165,PM-09,取證,核對帳戶、類別及帳目,3 帳戶、8 類別。原有帳目與餘額不變。,該列操作後立即核對,manual-ui,,第 11 項
166,,建置,準備交接：設定這筆月費訂閱十秒後到期,已取得設定成功的確認，可立即進行下一步。,交接前核對完成條件,local-storekit,,第 11 項
167,PM-09,操作,立即返回 Simulator 主畫面,Swish 留在背景，尚未結束程序。,該列操作後立即核對,manual-ui,,第 11 項
168,PM-09,取證,準備交接：等待商店到期證據,這筆月費交易已到期，沒有其他有效訂閱。取得確認後才返回 App。,App 回到前景前,local-storekit,,第 11 項
169,PM-09,操作,從 Simulator 主畫面點 Swish，回到 App,App 回到前景。此步沿用仍在背景的程序。,該列操作後立即核對,manual-ui,,第 11 項
170,PM-09,操作,打開設定,重新出現「升級至 Premium」，App 回到免費版。,該列操作後立即核對,manual-ui,,第 11 項
171,PM-09,操作,從首頁點新增 → 支出,進入支出編輯畫面。,該列操作後立即核對,manual-ui,,第 11 項
172,PM-09,操作,依測試資料填入超額嘗試支出,各欄位符合超額嘗試資料，完成按鈕可點。,該列操作後立即核對,manual-ui,,第 11 項
173,PM-09,操作,點右上角完成,出現升級頁，這筆支出沒有儲存。,該列操作後立即核對,manual-ui,,第 11 項
174,PM-09,操作,關閉升級頁，再關閉未儲存的支出編輯器,回到首頁，未新增該筆支出。,該列操作後立即核對,manual-ui,,第 11 項
175,PM-09,操作,從首頁點新增 → 轉帳,進入轉帳編輯畫面。,該列操作後立即核對,manual-ui,,第 11 項
176,PM-09,操作,依測試資料填入超額嘗試轉帳,各欄位符合超額嘗試資料，完成按鈕可點。,該列操作後立即核對,manual-ui,,第 11 項
177,PM-09,操作,點右上角完成,出現升級頁，這筆轉帳沒有儲存。,該列操作後立即核對,manual-ui,,第 11 項
178,PM-09,操作,關閉升級頁，再關閉未儲存的轉帳編輯器,回到首頁，未新增該筆轉帳，餘額維持原值。,該列操作後立即核對,manual-ui,,第 11 項
179,PM-09,取證,核對三種超額組合的結果,第 9、10、11 項各自的支出及轉帳都被限制，沒有新增失敗嘗試的紀錄。,該列操作後立即核對,manual-ui,PM-09 帳戶與類別同時超額或僅其中一種超額時，新增交易與轉帳均被付費牆攔住,第 11 項。三種組合都須實際取得證據。只測其中一種不能收下整個檢查點
180,PM-09,操作,打開設定 → 管理類別，點「測試類別 8」,進入該類別的編輯畫面。,該列操作後立即核對,manual-ui,,第 12 項
181,PM-09,操作,關閉「啟用類別」,啟用開關關閉。,該列操作後立即核對,manual-ui,,第 12 項
182,PM-09,操作,點右上角完成,類別仍在列表並顯示停用，總數仍為 8。,該列操作後立即核對,manual-ui,,第 12 項
183,PM-09,操作,從首頁點新增 → 支出,進入支出編輯畫面。,該列操作後立即核對,manual-ui,,第 12 項
184,PM-09,操作,依測試資料填入超額嘗試支出,各欄位符合超額嘗試資料，完成按鈕可點。,該列操作後立即核對,manual-ui,,第 12 項
185,PM-09,操作,點右上角完成,出現升級頁，這筆支出沒有儲存。,該列操作後立即核對,manual-ui,,第 12 項
186,PM-09,操作,關閉升級頁，再關閉未儲存的支出編輯器,回到首頁，未新增該筆支出。,該列操作後立即核對,manual-ui,,第 12 項
187,PM-09,操作,從首頁點新增 → 轉帳,進入轉帳編輯畫面。,該列操作後立即核對,manual-ui,,第 12 項
188,PM-09,操作,依測試資料填入超額嘗試轉帳,各欄位符合超額嘗試資料，完成按鈕可點。,該列操作後立即核對,manual-ui,,第 12 項
189,PM-09,操作,點右上角完成,出現升級頁，這筆轉帳沒有儲存。,該列操作後立即核對,manual-ui,,第 12 項
190,PM-09,操作,關閉升級頁，再關閉未儲存的轉帳編輯器,回到首頁，未新增該筆轉帳，餘額維持原值。,該列操作後立即核對,manual-ui,,第 12 項
191,PM-09,操作,打開設定 → 管理類別，點「測試類別 8」,進入該類別的編輯畫面。該類別未被任何帳目使用。,該列操作後立即核對,manual-ui,,第 12 項
192,PM-09,操作,點「刪除類別」,出現刪除確認視窗。,該列操作後立即核對,manual-ui,,第 12 項
193,PM-09,操作,在確認視窗點「刪除」,測試類別 8 消失，類別總數回到 7。,該列操作後立即核對,manual-ui,,第 12 項
194,PM-09,操作,從首頁點新增 → 支出,進入支出編輯畫面。,該列操作後立即核對,manual-ui,,第 12 項
195,PM-09,操作,依測試資料填入「R15 刪除後」支出,金額、帳戶、類別、日期與備註符合該列資料。,該列操作後立即核對,manual-ui,,第 12 項
196,PM-09,操作,點右上角完成,返回首頁，出現該筆支出，沒有跳出升級頁。,該列操作後立即核對,manual-ui,,第 12 項
197,PM-09,操作,從首頁點新增 → 轉帳,進入轉帳編輯畫面。,該列操作後立即核對,manual-ui,,第 12 項
198,PM-09,操作,依測試資料填入「R15 刪除後」轉帳,轉出錢包、轉入銀行，金額與日期符合該列資料。,該列操作後立即核對,manual-ui,,第 12 項
199,PM-09,操作,點右上角完成,返回首頁，出現該筆轉帳，沒有跳出升級頁。,該列操作後立即核對,manual-ui,,第 12 項
200,PM-09,取證,核對所有保留紀錄及帳戶餘額,3 帳戶、7 類別、3 筆支出與 3 筆轉帳。錢包 -375、銀行 250、備用 0，原有紀錄未被改寫。,該列操作後立即核對,manual-ui,PM-09 停用超額項目不退額度，軟刪除回到上限後可新增交易與轉帳,第 12 項。停用後仍被擋與刪除後可新增都需成立
201,,還原,依 R15 還原段清理本場商店設定,本場交易已清除且取得 LOCAL_STOREKIT_CLEANED,商店清理完成後,local-storekit,,只作用於本場 Simulator
202,,還原,依受控流程回收本場資料與 QA 身分並停止 Metro,資料清理與身分回收各自確認成功。Metro 已停止,場次結束前,qa-markers,,功能結果與清理結果分開
