序,測項,類型,動作,預期,驗證者,手段,已驗,說明
1,,建置,進設定的帳戶列表清點帳戶、再進貨幣與財務看主要貨幣,帳戶列表為錢包、銀行、日幣帳戶三筆、主要貨幣顯示 TWD,使用者,manual-ui,,承接 R04 終點的起點確認
2,CU-03,操作,於貨幣與財務點匯率列表,列表出現一組 TWD 對 JPY 的幣別對單行,使用者,manual-ui,CU-03 列表出現該外幣對主要貨幣的幣別對,日幣帳戶於 R02 建立時已種入佔位匯率
3,CU-03,操作,逐字檢視該幣別對的單行文字,單行為 1 TWD = 4.5 JPY 的型態、數值取自 R03 跨幣轉帳 1000 對 4500 的隱含匯率、小數補滿至少四位有效數字,使用者,manual-ui,CU-03 匯率單行格式為 `1 主要貨幣代碼 = 數值 外幣代碼`，至少四位有效數字,
4,CU-03,操作,於匯率列表搜尋框輸入 JPY、清空後改輸入 TWD、再改輸入 ZZZ、最後清空,輸入 JPY 與 TWD 皆即時篩出該幣別對、輸入 ZZZ 顯示找不到結果、清空後恢復全列,使用者,manual-ui,CU-03 搜尋依外幣或主要貨幣代碼即時篩選，無結果顯示找不到結果,
5,CU-04,操作,點該 TWD 對 JPY 幣別對進匯率編輯器、嘗試點按來源欄與目標幣別欄,來源固定為 TWD、目標幣別 JPY、兩欄皆不可展開不可修改,使用者,manual-ui,CU-04 來源鎖定主要貨幣，目標幣別不可修改,
6,CU-04,操作,檢視目標金額欄的預填值,預填 4.5、即 1 TWD 對應的 JPY 數量,使用者,manual-ui,CU-04 目標金額預填 1 單位主要貨幣對應的外幣數量,
7,CU-04,操作,清空目標金額欄、依序輸入英文字母 a、輸入 4.6、再多按一次小數點,字母不入欄、欄位顯示 4.6、第二個小數點被擋不入欄,使用者,manual-ui,CU-04 金額欄即時只接受數字與單一小數點，達上限阻擋,
8,CU-04,操作,點完成返回匯率列表,該行改顯示 1 TWD = 4.6 JPY,使用者,manual-ui,CU-04 返回列表重新載入，顯示最新匯率,
9,CU-02,操作,返回貨幣與財務、點貨幣格式列表、於搜尋框輸入 TWD、再改輸入 ZZZ,輸入 TWD 即時篩出 TWD 一項、輸入 ZZZ 顯示找不到結果,使用者,manual-ui,CU-02 列表搜尋即時篩選，無結果顯示找不到結果,
10,CU-02,操作,清空搜尋框、點 TWD 進顯示格式畫面、把千分位開關關掉再開啟,開關關閉與開啟兩態的下方說明文字各自不同,使用者,manual-ui,CU-02 千分位開關兩態各自顯示對應說明文字,
11,CU-02,操作,千分位開關維持開啟、小數位數改選 2、點完成、回首頁檢視本月清單,薪資入帳 50000 改以 K 型態顯示、早餐 150 顯示為 150.00,使用者,manual-ui,,
12,CU-02,操作,重進 TWD 顯示格式畫面、點重置為預設值、點完成、回首頁檢視同兩筆,千分位開關回關閉、小數位數回 0、薪資入帳顯示 50000、早餐顯示 150,使用者,manual-ui,CU-02 完成後金額顯示套用新設定，重置回該貨幣預設位數,重置同時保護後續場次的金額顯示
13,CU-01,操作,返回貨幣與財務、點主要貨幣進畫面,TWD 置於列表頂端並帶選取標記,使用者,manual-ui,CU-01 進入時目前選取貨幣置頂帶選取標記，其後改選不重排,
14,CU-01,操作,於搜尋框輸入 USD、清空後改輸入該項顯示名稱的前三個字元,兩次輸入都即時篩出 USD 項、其餘項消失,使用者,manual-ui,CU-01 搜尋依貨幣代碼或名稱即時篩選,
15,CU-01,操作,清空搜尋、點選 USD、觀察列表排序後點完成回上一頁,改選後 TWD 仍在頂端不重排、USD 帶選取標記、返回後主要貨幣欄顯示 USD,使用者,manual-ui,,
16,CU-01,操作,完全關閉 app、重新開啟後進設定的貨幣與財務,主要貨幣仍顯示 USD,使用者,manual-ui,CU-01 完成呼叫 setBaseCurrency，重開 app 沿用新主要貨幣,
17,CU-01,操作,進匯率列表檢視幣別對,改為 1 USD 對 TWD 與 1 USD 對 JPY 兩行、來源皆為 USD,使用者,manual-ui,CU-01 匯率列表幣別對改以新主要貨幣為來源配對,
18,,還原,回主要貨幣畫面、搜尋 TWD 後點選 TWD、點完成、返回貨幣與財務進匯率列表核對,主要貨幣回 TWD、匯率列表回到 1 TWD = 4.6 JPY 單行,使用者,manual-ui,,保護後續場次的主要貨幣與換算基準
19,CU-05,操作,回首頁、點 header 篩選按鈕、時間粒度切為全部、帳戶僅保留日幣帳戶、點勾勾完成動作,清單涵蓋全部期間、僅日幣帳戶被選取,使用者,manual-ui,,
20,CU-05,操作,於清單找本月 7 日錢包轉日幣帳戶那筆轉帳,該筆列於收入側、金額 4500 JPY、換算副文字為 978 TWD、即 4500 除以 4.6 後取 TWD 的零小數位,使用者,manual-ui,CU-05 外幣金額依已生效匯率換算為主要貨幣呈現,
21,CU-05,操作,回篩選 modal 改為僅保留錢包、點勾勾完成動作後檢視同一筆,該筆改列於支出側、金額 1000 TWD、無換算副文字,使用者,manual-ui,,分側斷言由場次尾批次收
